MachineID,OperatingTemperature,VibrationLevel,CycleCount,AmbientTemperature,OperatingHours,FailureProbability,FailureStatus
M3,75.21264689837919,0.6891697994611647,7238,30.230307759705195,13,0.442164733531112,0
M4,91.02214793583383,0.759652438796599,1671,18.511729574466305,15,0.7354831659610672,1
M1,78.15555247471666,0.567402465248391,8603,38.287784538855064,4,0.5494374110457109,0
M3,62.743191312724804,0.24771532671189367,3075,32.75876494673872,16,0.288298138174465,0
M3,59.711426306655405,0.56855162491919,4016,23.599941238735266,12,0.2430358606351952,0
M4,71.70900178697717,0.40889117249603707,6848,25.06366877803716,4,0.4642259511013096,0
M1,54.25484556544542,0.6471265370720769,8400,16.849758312293474,3,0.18840755403768472,0
M1,85.82000236848323,0.5197901411901874,6997,27.535950274170542,22,0.723822374334742,1
M3,81.2062042596016,0.4560204801238031,9352,19.980085125499368,17,0.5920143724228869,0
M2,65.84991651062086,0.5439009208004829,6078,19.46156090862376,22,0.3066155147320529,0
M3,53.73560037237597,0.36811638051230305,6130,19.995594044646705,18,0.1304833677054641,0
M3,82.52159923510276,0.34679799080448603,7414,22.633550705031404,18,0.6248779687260111,0
M3,67.88662731491206,0.591211301957294,4753,18.498099232789585,23,0.36482581341121595,0
M3,82.62548611003714,0.3974126442866096,8457,21.96120472049412,17,0.6027370010366979,0
M4,51.06369429775748,0.3094847428945837,1963,17.572787548578674,12,0.1453488873793968,0
M1,65.92513083462845,0.4850830430550344,6680,26.194469187195743,23,0.2876679687726414,0
M4,72.62320755521037,0.6080169819720399,3987,17.33970098919362,21,0.38436571310323686,0
M4,69.21864466227134,0.6430830348318707,3284,18.877798604871057,4,0.3900349374850446,0
M4,64.70247296651002,0.572826914595642,4119,27.66525346461273,12,0.31132098083997395,0
M3,78.71512377316533,0.38644895240541444,3556,25.782834066141955,23,0.4871771998505163,0
M2,59.077692524194255,0.29875459299217433,3398,30.899336123323025,22,0.21561389496242,0
M1,69.75269604169033,0.6516601899453162,2774,31.09848147471771,21,0.3610138728230227,0
M2,71.01834552951745,0.5266949828462927,4290,38.282742165846834,20,0.4008531645610305,0
M4,78.25700311754804,0.5750508366749248,9100,23.58713007705395,15,0.46907250593522537,0
M4,78.09630803739188,0.6470893830209902,5155,16.42966833611673,23,0.5074495710324798,0
M2,59.848890625459696,0.5626226880718878,6577,27.191566932668444,16,0.21148919525283724,0
M2,55.791471370110955,0.5184151218454837,3474,20.533387947120964,5,0.15605941173336263,0
M2,81.66654074632967,0.6976719034155578,3897,19.15635135737082,21,0.616490264208844,0
M4,72.39666184595086,0.4671069315145209,8040,25.095422673222533,15,0.43650175917216577,0
M4,64.05362591355441,0.5770402462049697,3515,32.63426157668171,17,0.2659488164921041,0
M1,85.76434541409247,0.4975871901313377,8017,22.227957402275837,18,0.6660263007134875,1
M1,68.80152432730505,0.5255918641488044,4561,32.989581241214296,5,0.4011238512096325,0
M4,85.53918068988781,0.6233054370958794,3971,23.267638878602416,13,0.5956726615785568,0
M2,72.63132854869528,0.5470346126750848,9555,25.585549813523333,19,0.3936819824980671,0
M2,90.6827318965099,0.4528593014654232,2613,24.668728188634265,13,0.7725831912640997,1
M1,87.00640646083211,0.6346925278819033,3347,24.835268684861976,18,0.7095239294341329,1
M4,67.90771023026943,0.5810933189943142,10166,18.148498019537833,14,0.34021805430556573,0
M1,80.75074970785842,0.38847685250794606,3581,30.940767164330214,4,0.5512480874334036,0
M1,72.38775802451137,0.41421093784798013,5140,21.491794550634097,4,0.4907952801704087,0
M3,87.911014994295,0.3459431570747091,6953,29.817155658971966,20,0.6265825935019378,0
M3,58.77099677586512,0.7696314766299053,9579,18.638799882266397,20,0.23778342433693334,0
M3,76.85670333400688,0.37646308899082276,6125,17.576640337021043,19,0.49807726174728295,0
M2,80.65397863405417,0.38770877495698686,1401,27.85289975710647,13,0.5684950322952372,0
M4,56.40630557314656,0.4856802675535461,8103,28.10998610150868,12,0.12677430138292062,0
M4,57.99116719132886,0.5371721043136314,8294,20.995431087730932,7,0.20297973642243833,0
M4,52.784692811106254,0.5642904025201295,1582,25.152050903901657,12,0.09426237777505396,0
M4,68.11938659447665,0.5793717426917575,3031,21.736573242247594,21,0.33896822182661945,0
M3,75.25165283354772,0.4488762783939927,9308,25.818873713174757,4,0.504979958975839,0
M2,85.29298545716588,0.5013759282265513,3610,26.79715625132578,2,0.6555577113736846,1
M2,70.50393036076792,0.5442484805608259,8367,20.673056100938485,2,0.39424157817016003,0
M3,84.11801448590445,0.4642466044065888,8436,21.922430486917733,5,0.6812368474185642,1
M2,56.91443095679557,0.6799484993512969,10197,24.03118659325248,23,0.17949193730280952,0
M3,53.01038110614817,0.5348459527500821,6991,22.69132631239982,10,0.1349925194665052,0
M4,70.55736642195089,0.6055890536817478,5968,21.66019982100136,10,0.37353052724029295,0
M3,74.2273600485897,0.5349159850929162,679,22.555057562951205,9,0.4470041052054596,0
M4,68.37084672503093,0.6210002953560106,2038,24.333476976779455,13,0.37805534198507607,0
M4,50.862246984181866,0.43691522676450917,3228,27.086169600392843,7,0.09007429915974022,0
M1,67.86000304436496,0.35182128173155797,4140,15.702355688319038,5,0.36409875624643673,0
M3,50.75596394938493,0.5683432312317631,1921,22.125093215827732,10,0.18618211022755896,0
M1,76.95403138420882,0.38317756728541363,7885,35.68989783456804,10,0.49634900762520506,0
M3,72.5578350065005,0.43113330800752014,2130,26.31707078877608,6,0.44193680557026127,0
M3,61.36546314551972,0.4383829243799989,8391,30.761968231833325,19,0.2378871643762662,0
M1,68.8590742985125,0.5554246017167641,5378,35.70944580709619,21,0.3023148055093181,0
M1,63.463344167406596,0.44680342986791105,3668,21.657285325118178,8,0.21916015300633798,0
M3,69.04296318282461,0.5359708537984783,9074,24.586469666265312,1,0.3717829326768152,0
M2,77.89839286252027,0.6868919450831595,9278,35.8183937718571,17,0.5541357036578771,0
M4,61.312106100480406,0.5212725396518471,4107,24.41646621944116,7,0.23011463645030777,0
M1,74.30001397144574,0.7410386422736707,2228,22.221166769521417,14,0.47359152209165445,0
M4,65.48097686096948,0.5375958771457171,5119,15.960650056201501,21,0.29785387693525145,0
M2,60.74955015292285,0.3597260115364429,3942,22.366420688674726,21,0.2544929942028061,0
M2,69.43108123249992,0.5859751544546059,5429,27.984187091560795,17,0.3651847851295518,0
M2,58.023628471219304,0.5214185586730097,9601,33.68540099751807,9,0.22410653094887079,0
M1,66.83201377859112,0.6936402501703375,9283,25.527353631749566,17,0.29633905255621235,0
M2,56.84126569260629,0.6648168871768009,2593,16.945855694535414,5,0.20088792311060188,0
M1,90.96945640063383,0.4238672790899391,5810,15.86298160344999,20,0.751080211281029,1
M2,67.82310095334624,0.403695679881589,5366,28.419180038355822,8,0.3850377252297876,0
M4,64.56509263329552,0.6335921546557167,5938,30.19286482702361,6,0.27117238328488796,0
M4,70.20703096880581,0.4289582316315797,6738,27.623473649867115,11,0.41573805015182674,0
M3,69.39907311704073,0.44771978682774155,6814,28.584697807933285,19,0.36186522265932053,0
M4,69.83670595136375,0.5560711434473803,4953,35.313724209727695,4,0.34654774071083494,0
M3,75.7417012033207,0.6914995263096777,3448,22.76093375449429,18,0.4905938404366565,0
M4,75.51674327898118,0.5772121113097922,5792,26.747693273175567,1,0.5140158156482832,0
M1,65.68861353816656,0.3181733500880224,5654,20.39484566800723,13,0.2947976641299894,0
M4,62.559854795580094,0.5431360854075726,8740,23.816640726813972,14,0.2911126429872022,0
M3,66.44099183008909,0.5061882554396947,5996,18.90412977602942,1,0.33920408150007275,0
M3,47.51171367163561,0.42855587873698675,4814,24.688379338929572,11,0.062112828176032246,0
M2,57.56944145022989,0.44146385364160456,2543,26.455353759792853,17,0.15720936311986322,0
M1,83.72184938204418,0.5184276984296938,2327,26.40910153373213,4,0.6286246786932527,0
M4,86.49539215470308,0.3386911423347247,5328,19.878008651152726,12,0.6835017880290433,1
M2,68.98466539168192,0.5392121778614312,1798,25.76404639255329,10,0.3417661036441845,0
M4,75.86631342390366,0.5362323976652524,3164,33.793976733826085,6,0.4799435536850433,0
M4,74.38356194510116,0.5081365868184903,2484,28.75271964669795,1,0.4344385051718517,0
M2,102.94587517667829,0.31600399334889573,2400,30.418410902772305,7,1.0,1
M2,80.54027481380977,0.4691308276241082,6170,20.968093609437922,21,0.5800630224740699,0
M2,62.17080281736542,0.5429116861281453,6737,23.14127038141781,16,0.36175208110117535,0
M2,58.80874140682481,0.45342241298717845,8833,20.785645472123942,14,0.23360865710969167,0
M2,56.352900819094884,0.6362029058002109,2992,21.4712114896567,23,0.14976571785086792,0
M4,71.96710679587692,0.5587562186625412,1864,29.62911857006548,20,0.4141376950957304,0
M2,61.75823200530117,0.44456483578251293,2134,20.106392284103542,20,0.2627872230199457,0
M1,58.11103289042968,0.7349338637820226,1805,33.883593101196844,6,0.17162963834210548,0
M3,63.331621325114945,0.33863160016912924,2545,29.02162798017905,22,0.27649266548025797,0
M2,54.999453552357735,0.3330914476128291,10921,30.867805697607608,5,0.213703369308765,0
M2,83.86081222870895,0.3186945476627663,1634,26.331299108618495,21,0.6904625627119371,1
M4,79.65369361112832,0.5954267323499455,6788,29.321176538009023,18,0.5390959942024794,0
M2,69.78649170364437,0.4055726902391237,7765,29.132062626182353,15,0.3791740535480652,0
M2,87.7087543465587,0.785882826669007,9691,31.12668588304678,6,0.6583636985503213,1
M2,69.30714570886784,0.37303525545290833,9383,23.431149385601685,19,0.3932555470085156,0
M4,60.768156462709776,0.5366605575318372,1507,34.64277905875026,1,0.24755787339306573,0
M2,83.46223462657653,0.5449863585041972,6405,33.04681305469705,1,0.6639937607129824,1
M3,74.34791208148569,0.7142857273730006,4433,26.955183079651178,13,0.47846148098346103,0
M4,55.84373065422819,0.7486074879602493,4750,33.696402785331884,3,0.22740048637974544,0
M3,67.32524389106285,0.5571106676939458,5333,19.39348115218981,10,0.3527457842833611,0
M4,61.14007973861263,0.6363433826670835,3237,23.5990321895066,21,0.2473363398089834,0
M2,55.89934100542527,0.5618219654513343,3608,26.72245510519674,3,0.1763996710920092,0
M3,83.56088200278204,0.6577574303845558,3710,26.8605897605399,9,0.5458241029299175,0
M4,92.76113555905526,0.40212110925159217,10132,24.448636261681266,8,0.7390269321656848,1
M1,54.51252531988642,0.5589794068439058,4517,29.434514963033063,3,0.17179413503652266,0
M2,71.54181897760053,0.38012344654264285,5274,25.762942818734142,13,0.47799049669354793,0
M4,63.29517360291862,0.4665063477157009,6312,22.498903331874907,6,0.27843671126805736,0
M1,65.88176643869429,0.3697487095361258,9265,24.74151106765514,13,0.30292660687602396,0
M4,62.355092610845645,0.6621914535881599,2279,29.79314485368727,23,0.288669529522791,0
M1,59.738141035350395,0.5824454711662592,2036,28.12626458960311,20,0.24882826143547107,0
M2,73.65032621807333,0.5002564347607206,6527,30.873697526622742,20,0.3896530275581654,0
M3,61.175395693599015,0.6699149130097868,7021,22.588726690005494,12,0.25535092150739874,0
M1,74.02906862918987,0.3855908292702851,9256,32.734102044800125,13,0.42517319215012916,0
M4,67.63700750979974,0.4509459762519615,9632,36.11847527659216,2,0.3730504431332265,0
M2,67.4966386138863,0.36548540540826707,252,28.111735707632732,21,0.34045995246414856,0
M1,60.251686672314996,0.32177200840936543,8481,19.282737998994897,23,0.2380363552484765,0
M4,62.88154021671009,0.510673613050204,8620,17.543868429314053,16,0.2897438553977834,0
M4,79.86451308130094,0.5225941109817581,8191,23.368236819690278,23,0.5126076792476777,0
M4,72.23141785697779,0.7469813168395393,10450,23.082308506808772,6,0.47050015852491567,0
M1,60.82456120303707,0.45439272323477814,4191,21.997306074585598,19,0.23215187478820506,0
M1,70.28307974331126,0.39419545769944425,6554,31.00297202789594,21,0.39609410759550073,0
M1,78.34352019778964,0.7449961484244902,9189,24.805091261043792,13,0.5166264354609983,0
M3,52.62279392434957,0.6158772483305921,3458,21.804445098480443,17,0.1407527457484461,0
M1,77.16798804763722,0.4413011476621981,8023,26.783632050783925,23,0.4757787649394717,0
M1,61.49435721403723,0.41279961137252075,4205,20.68474036420757,9,0.2763249458085079,0
M1,78.02109306928222,0.42048456881151797,8460,30.91123508441186,17,0.47794049425425605,0
M3,62.30980304522599,0.47738918713706174,7516,16.38244890425263,2,0.26126992336668475,0
M1,49.294173935324565,0.6425008468874697,1757,25.582156160046097,19,0.12339968070457702,0
M4,55.08500653297401,0.6494081834160517,6232,25.394388078203498,19,0.14801540272912828,0
M1,70.08314997957852,0.6673185145731838,1402,29.923509931787617,7,0.3922002867074956,0
M4,69.18154916493573,0.4038218924265563,2723,22.04674005098998,22,0.4236097740683323,0
M4,61.62176991647365,0.40103615635328344,3469,17.71383059478346,10,0.23915256242135272,0
M4,78.39911601832914,0.5167492345462974,2356,29.87252232034964,10,0.4915724578288824,0
M3,55.949070858030666,0.2821130624355696,1013,17.33948782258991,20,0.13547144091857574,0
M3,68.5824982483273,0.6102259529566125,2758,32.24704773564704,9,0.37095403909550295,0
M3,58.18047411302691,0.3999579438620138,2395,25.05701020130183,17,0.19756631776848507,0
M1,63.58271160756423,0.4463153006626494,6905,34.66452079391474,15,0.2779011582260742,0
M4,73.45359197630684,0.29838441505710495,32,20.58126402947748,2,0.3856178402964164,0
M3,59.774889182413844,0.6430701124497853,2953,20.786283330019664,4,0.24845082343199973,0
M3,65.22512565329266,0.4766498164148298,3128,12.225946747829076,19,0.31790728276227076,0
M1,78.39348747324479,0.3505427976604517,5754,22.659661061865016,17,0.5573094028303368,0
M3,61.33278025854273,0.19878801420581643,5106,24.309926830592293,5,0.28543766644330787,0
M1,78.85249548275559,0.5903113781939628,9235,17.358427888848468,7,0.5275317653518873,0
M2,61.90552811697899,0.6299113780804728,1016,22.34357254771121,18,0.21281632833610714,0
M3,74.9010728621227,0.577903512843259,6416,13.06350853120258,21,0.4755993169531645,0
M2,82.65189296349274,0.4688407174645635,7241,28.099904306663017,22,0.6431923745991824,1
M1,45.657274403191245,0.45546081233421293,4474,27.373769470048202,7,0.04375023110569922,0
M4,63.20928380284054,0.5801791542769954,10008,23.82542205462606,17,0.25817506296911824,0
M3,75.45799499693226,0.4337927441247684,6845,33.850532864458984,7,0.4790876910893855,0
M1,70.77661680347842,0.6187144725186365,1840,30.903630599928473,4,0.3483517618916981,0
M4,72.08673494513805,0.4907011533196673,3851,33.03363798011938,8,0.4457803169892978,0
M4,63.38620885981707,0.5625531626561642,7461,25.79779180549434,13,0.28847991454264116,0
M2,71.45787368441492,0.523094759049314,7541,20.819094952720725,4,0.3954459471651626,0
M1,69.22915515131486,0.4243513498965814,925,24.98210055922579,6,0.3546538741212366,0
M4,81.7722768011944,0.3393723426613757,2175,16.672097493402806,5,0.5880048712933648,0
M3,69.98736858829784,0.5106041922102775,4506,26.715765690108405,12,0.4223611238624819,0
M3,78.05204942916467,0.39635500422663295,7964,23.24381062268507,4,0.43801398584071405,0
M2,65.40929050868313,0.5191729488260856,1891,29.685007941934725,9,0.3154811782739573,0
M4,65.34447279644438,0.5883900900617547,2659,29.965673346897766,4,0.3051833768282724,0
M1,66.90794030814976,0.4851389370301294,1616,31.225192570373054,19,0.3098671698418505,0
M3,72.67151069848391,0.5558287039818286,6359,18.701207934876543,14,0.4516451073898937,0
M4,65.90400803353891,0.4936613974710556,9542,32.17710149554981,5,0.3135311557688481,0
M4,71.54336809365755,0.4533444176521525,7928,30.600599397852406,18,0.430336961571857,0
M2,91.58510946940284,0.4566593927148402,3713,22.44079987848972,10,0.7734336270085675,1
M3,78.15920173720579,0.21223558767136286,2550,21.477904311010857,19,0.5299833822313761,0
M3,67.27720173293093,0.6670198524453939,3050,17.875377095029332,12,0.3301389945730173,0
M1,79.91906452866824,0.5286358887879306,7191,32.37407105983432,18,0.598521363614541,0
M3,64.26141340177207,0.3487682589936828,3065,32.74404805055017,17,0.31512715715969425,0
M1,46.88847329450786,0.4672566092354221,7043,18.033049269146616,11,0.09352065112439094,0
M3,58.498076732173544,0.5385289162419653,6011,22.857674391963023,3,0.2275910923461678,0
M2,46.14503230234517,0.3978631079694612,6741,28.23375248502576,23,0.11093354888814538,0
M3,65.87066474821127,0.38417399073712444,4737,20.20726194275418,17,0.3233906293769966,0
M1,69.11570324796966,0.517494161606479,1200,32.639107029402226,1,0.3854740503522477,0
M1,87.06619505000297,0.4225999528685243,6775,25.741003657488594,15,0.6893386397096061,1
M2,73.3584891865102,0.4605945373185526,10046,26.406989850289133,9,0.4373429121118713,0
M3,70.3231542488735,0.3553926474680749,9900,29.554734002727084,15,0.343625522742483,0
M3,83.48267618138311,0.538710439069902,5501,27.858052474066778,3,0.5273806416741504,0
M2,50.16372493622242,0.5073148285873997,5860,21.212172865140605,22,0.07342587505759111,0
M3,71.44993040233548,0.30099440789031906,9519,15.010223123375775,19,0.41820333003338367,0
M3,76.72187043944989,0.570124216111989,5298,31.32049319800317,13,0.5181726921328094,0
M1,56.95146362691301,0.4432855644078097,8927,31.88425452525767,12,0.16169873982017635,0
M3,78.07085104292362,0.37417496364007263,9705,22.92881543513024,20,0.5843118784439917,0
M3,72.75455822261718,0.4520584602171356,7736,23.58900300336506,1,0.4389835605836621,0
M2,65.37081499090428,0.6762537343354558,5731,28.172273952574493,21,0.3172007881131955,0
M2,77.49608163070047,0.4228225871711194,3098,25.787427858656436,17,0.48833123842052517,0
M4,93.93466127032552,0.5945431047730643,9616,26.12626408766724,13,0.817702591857359,1
M1,70.32954146979888,0.5820800325939046,8665,21.325583779054767,1,0.4126425037958078,0
M3,71.65346053959298,0.5059033781447394,2670,29.434843119912983,10,0.4242381698586576,0
M3,66.29659951426298,0.5224626175307222,5104,25.10725002081185,15,0.3080787782146027,0
M4,59.903714993514555,0.41251580335575544,1057,25.76053782894998,7,0.24797905403589862,0
M3,80.71559503499103,0.33466049809921383,4497,23.76984502874383,22,0.5250077739454955,0
M1,62.65751220779181,0.4862544186511383,6111,28.47950616511438,18,0.24853524869509924,0
M4,71.0586814685836,0.4418627425663954,7134,24.909548813181818,16,0.3913816254843179,0
M1,66.00530672891067,0.2216105871899146,8926,27.704716076823015,14,0.3009861036475572,0
M4,73.85601702358231,0.47411127385282825,5637,15.260240467670625,18,0.4638397965214222,0
M4,72.08403820849425,0.5662764053479827,9306,31.696059334631002,7,0.4399590290360178,0
M2,79.52595501030156,0.25656342717871716,3968,28.675467740954836,17,0.5616620622734485,0
M1,65.89976939597223,0.314571306830464,4360,17.10838044881776,18,0.29779327283436574,0
M3,67.7032806084836,0.5975740443629505,5047,21.06500965786146,12,0.33853533868892643,0
M3,59.36693392279151,0.6943127956582322,867,26.1927222021211,8,0.23504030634463466,0
M1,67.0562308858542,0.43254962772093797,2909,15.489284695837494,22,0.3096817413108048,0
M3,73.42511208577622,0.35484102619003316,8096,30.037155540599574,2,0.4442049976837308,0
M3,76.18326467527518,0.5367435531355965,5796,24.02993203766517,7,0.5127613689564818,0
M1,61.28702977682079,0.6184469903075326,9043,32.85162849364949,4,0.24228336710492196,0
M4,76.67000017781092,0.49492118353536707,2532,23.865489857211234,18,0.5323188590295339,0
M1,80.1819310881781,0.4986885733301104,6341,18.86285370993065,6,0.6254613022252697,0
M4,74.12413988110649,0.5028480614245929,4806,24.541130535167255,9,0.4506749981971626,0
M3,87.4531305381589,0.37799555184325423,8323,23.816537863390995,9,0.7314113697042602,1
M3,61.75379930362457,0.3873746756211155,1822,19.897047096799888,14,0.2602887767704569,0
M3,55.619987130596925,0.6781176610736975,4747,40.90396213106347,8,0.19778473067309008,0
M2,54.63066179036235,0.6368867458005303,1215,22.654719925244592,19,0.12444678418838594,0
M4,83.63745762703556,0.47299514587868,1309,15.15864153339816,3,0.6533722080601043,1
M2,75.67965780719896,0.37132809716848825,7397,33.80051986206453,18,0.49406505138539747,0
M2,70.19991982606192,0.3099369943088284,6699,22.68172710962464,5,0.36938203734917663,0
M1,70.04645766655283,0.5791243139763758,4590,24.126134785590978,14,0.4302431801913815,0
M2,55.84400998051883,0.4373168519277299,2733,23.53704178301509,4,0.20975038583181219,0
M1,95.2194254675551,0.35375431024194304,5963,22.23198099408153,7,0.8555987509440671,1
M1,70.40231655882795,0.81441821827373,6824,16.985309454581035,20,0.41142445097157915,0
M2,69.29095773226062,0.49063147851868727,5792,19.27765894137019,12,0.3999318915127984,0
M4,78.46441258488156,0.5134554780354774,6134,24.84319719822633,2,0.5060962448507869,0
M4,73.18624899915115,0.46241591477858546,1931,21.492116017081734,11,0.46200325929352926,0
M4,71.68981564369346,0.6383235157645951,773,27.539617079212125,14,0.42067682521253724,0
M4,60.30299450960186,0.5053727338789735,2464,28.01496829244236,22,0.2579028068022254,0
M4,75.3215579438596,0.36085886732695593,4264,21.897619186272898,23,0.45908869088783144,0
M2,91.4843973501839,0.5093079290394131,7109,26.141079304198666,16,0.7360677575851295,1
M2,79.73212060288554,0.3811772761850361,9712,24.395696856687145,20,0.6239249630209374,0
M3,86.15718164389526,0.7417605126877223,2250,21.561913848461053,6,0.6783389430391956,1
M4,66.60102011946086,0.6184779050579746,8054,27.847746665519956,23,0.30236419210382914,0
M2,59.260996302802646,0.4353424645399992,4501,25.443988528462476,4,0.22827948111184007,0
M3,66.48004605041174,0.652410198246805,4890,19.469504939900244,15,0.36333308042227364,0
M4,71.39917617714175,0.53207864654477,7948,19.95351336416606,1,0.39067428573796803,0
M1,82.94522219146369,0.6848220991594323,4700,18.856613015700706,7,0.5776419726687364,0
M3,54.856398058142744,0.5566265989237265,5190,38.00649372420119,12,0.13647019649963438,0
M2,86.0273218704358,0.3622389557253976,8557,27.344767833617347,10,0.6602613017327654,1
M1,68.61574848942739,0.4298601926224704,1371,16.875446651680086,5,0.35342995689360834,0
M1,63.93316418975719,0.6333743631141849,7284,27.62849710116518,12,0.3151790835028621,0
M1,61.60944614808621,0.5163054173607811,4552,32.12964757418001,18,0.22544499008992655,0
M3,55.07134690804732,0.3788835600694064,1362,25.658260219570945,10,0.1387616449299856,0
M2,75.9555892023086,0.41717307803965537,5630,33.25061856891123,6,0.5236841057223925,0
M1,71.46213912757703,0.49749716018444023,833,12.294519522085235,12,0.3934497488169186,0
M4,58.40603875362903,0.6779208956933424,6353,9.644745064234348,7,0.19243323647374663,0
M1,58.813439823514855,0.4355386897867423,4950,23.945248636673725,18,0.18508814026757375,0
M1,66.49217376884427,0.5397343726388708,6360,26.680560118119413,2,0.32720132402434526,0
M3,84.97508010460163,0.607314432481665,4873,11.366826647945881,10,0.6925645594256667,1
M3,66.39985412663586,0.48414375982342434,4314,19.62926416622441,15,0.3388305657213209,0
M2,52.95407075190702,0.5184330898689308,5434,18.24933361150685,12,0.16025698375435363,0
M4,67.4404480289106,0.5383457966831504,2889,18.217481577933718,17,0.3389768766998725,0
M3,66.77899350938591,0.556748618043033,8204,18.960153586992877,4,0.33787669150490707,0
M1,47.321206412121704,0.43931149393590563,9973,26.880557469403154,7,0.021407899185116853,0
M2,71.24640561969815,0.6646813568790426,4559,19.070025218688873,9,0.37405431681067125,0
M1,69.62975083169141,0.6866116734406401,9138,22.713966310128825,19,0.3463861324960576,0
M1,77.90476862978963,0.8485398997280381,3046,19.138242033187847,23,0.5081852893980635,0
M3,87.75492565611641,0.6623630014468623,3377,31.391486857164363,7,0.7282320220975992,1
M2,80.71487037784142,0.5679653758015231,3680,30.48212237519246,23,0.5827849526740363,0
M4,66.94337449481846,0.5019458429688272,4120,13.556275693621446,2,0.33756620161700346,0
M4,59.31120745798556,0.4545525323387152,7479,22.39658787296105,6,0.21214975046393222,0
M3,96.5119376529455,0.519244619265842,6743,25.921496276877374,18,0.8853992076787139,1
M3,70.59360159550593,0.45027209062714574,5263,30.099608637418065,6,0.39050158765142035,0
M2,69.5580959644432,0.578842937991391,9407,27.875429213841347,13,0.3842251283978058,0
M4,68.570517867924,0.6317957989075947,5643,23.048140950427573,19,0.38010455600465876,0
M4,69.19555009211204,0.4479168367128462,4638,15.46294217021733,2,0.4124201634281329,0
M4,71.12315421085388,0.647813683851954,7485,29.999599586750545,12,0.3602719532712688,0
M1,68.67443906772846,0.5767787585778824,4398,27.461725479561288,15,0.2929812394529495,0
M4,66.93008414945258,0.40233431380777795,9111,26.786866331573446,14,0.2944310406365599,0
M1,67.15433604597852,0.22598136176488726,3315,23.083314409958202,6,0.3722017405896489,0
M2,66.13978542794413,0.4178824829040173,684,18.21580374400701,18,0.29298116538160623,0
M1,64.91909477646999,0.6364158596695048,6936,29.831135439345356,5,0.27236606646716105,0
M2,70.25742687967625,0.4652981774028926,2209,27.696054840775478,18,0.3982884776199515,0
M4,68.4280823050695,0.435223034107564,877,25.854620112274127,3,0.3372366625920796,0
M4,84.12732382078165,0.4231382481563303,9239,26.39016247201774,3,0.6558070235965969,1
M2,46.54815990569736,0.5969098745596525,7503,16.706679185730856,22,0.02779768758028224,0
M3,81.64581036365524,0.5605524408532323,6470,22.260896717865613,22,0.5767872667871332,0
M2,80.6265409422342,0.5628284446723999,9385,24.326664382406673,10,0.6051740869065637,0
M3,50.605713871937176,0.41455551256351764,6361,14.198795819783701,19,0.08855696189391368,0
M1,68.69068540617701,0.571245139653353,4228,25.304903069236573,3,0.32506408536962733,0
M1,66.68185464231384,0.37804148891316947,8062,29.293000220229768,12,0.32001358168137384,0
M1,56.88376643630832,0.5945347244289036,9529,26.16140132062779,16,0.17585055965615548,0
M4,62.082326265633654,0.4569222035575391,3373,21.30890048626826,17,0.25903995561801246,0
M1,56.62568063904925,0.78372280951439,1578,25.923465083245993,7,0.21448428512254716,0
M3,87.21923691739522,0.6968918669431764,1550,24.67216040473009,13,0.7098187789238662,1
M1,80.40286319740173,0.6299792949868591,8795,23.877959239701692,2,0.5484699032683235,0
M2,82.45949721397511,0.49659731181027117,1840,19.206087340113545,4,0.6090508317035721,0
M2,78.81825149391153,0.5018933358085456,6951,27.453023793216417,10,0.5075178089415795,0
M4,57.92511916543254,0.5138826581792013,5365,21.30584917662378,7,0.20967102071100843,0
M2,64.1016156823006,0.4097549289428433,5843,26.037990189958567,17,0.29625041889982867,0
M3,76.55598560826698,0.6228892656043808,624,26.12427608202897,20,0.46494077695870595,0
M1,58.22242694468663,0.3766616350546871,8255,24.930229107277693,6,0.19507673038540696,0
M4,76.3065411394127,0.599854111617286,2569,22.724333312356876,19,0.5072361043039266,0
M1,69.6643567704359,0.39529830040170455,4784,13.071389397806847,5,0.34090579904982393,0
M1,64.87432048860296,0.5271166899310646,3862,27.242397115340317,10,0.321204469906835,0
M3,75.65570176400021,0.5429763788305559,4793,25.32875456785244,9,0.5052070500777646,0
M2,68.78373549273225,0.4140300932225664,6035,21.788048591732764,13,0.45646000709050705,0
M2,65.28240124465431,0.5813275603505562,9256,26.177621968719162,19,0.3245810560379984,0
M1,84.21073139148704,0.4641686105274905,9312,18.20018604263527,21,0.5878694742356552,0
M4,55.04478135165615,0.6378020177399126,4660,31.069561399021104,6,0.21820743444335114,0
M2,74.2555157889842,0.4260204378704203,3322,22.742721960029762,4,0.4849059104057986,0
M4,76.80914969146417,0.5173519226353551,5464,20.130426655456674,3,0.48352155020680854,0
M2,62.41480205907464,0.6420746556992237,4457,22.26247421944254,3,0.33553563521273566,0
M4,72.23993299540165,0.3584357885122103,4057,23.7848756297304,4,0.43437459393679523,0
M3,59.77059066736846,0.5203318861014694,9472,27.60025834421214,5,0.19191799549394106,0
M4,83.32632179576699,0.5596652546220194,2548,25.877932477117444,8,0.5447564264801804,0
M3,68.73147176690418,0.6052658671715128,4944,25.043134780758,16,0.35117741902223093,0
M3,62.91983575832737,0.5599932508517174,1751,27.222219872025423,22,0.2982849046076052,0
M4,78.56983478107233,0.5866054948736887,2797,22.40456009141439,3,0.5682034297996007,0
M3,63.24637903323422,0.610408327668085,9902,20.645605270516707,12,0.27214442895576213,0
M1,56.47731367869461,0.5498130434751511,2466,20.912852031808367,8,0.17359739398511487,0
M3,58.14956578487747,0.5563294031984776,6731,29.77871633566605,13,0.15359094572416807,0
M2,78.0017092185308,0.4140242894700426,4454,31.47725617486667,4,0.4851600536170229,0
M4,57.36391945081415,0.5530117527263999,8140,24.317387514031896,14,0.1905839762738991,0
M1,86.8775273133248,0.7219966752956741,3545,29.73148952652436,14,0.7119476860379624,1
M4,55.21012933976721,0.43546993083512003,4571,16.7931842825386,13,0.08777254780306895,0
M2,88.21775328289216,0.43051393575931945,5525,22.0623717758547,6,0.6935935074328493,1
M2,70.7726712448711,0.5357896176554054,7559,22.5066079940317,17,0.4189327120898239,0
M2,68.58362303411313,0.5451278748027186,1184,33.58578737526423,4,0.3645440086934212,0
M3,62.7958996519043,0.24951118629332897,3217,29.922138932913917,8,0.29118966919950084,0
M3,69.18226209181992,0.533386296504103,2469,25.941116590580897,17,0.4501727924160883,0
M4,70.24895495816615,0.37469938560505367,7913,31.22903029085824,3,0.37422357299010095,0
M4,84.59792725327983,0.46197898012770094,8830,30.70548101642156,17,0.5779877302311374,0
M1,67.8811620821258,0.43781744270906153,2280,32.31120089443201,9,0.4005450647359188,0
M1,71.6135428063768,0.4916300110224901,2512,29.110238933022643,2,0.4064735660104071,0
M4,64.95006831958625,0.625919532980558,8054,22.084515843064512,13,0.3242945560197905,0
M3,70.47354881392903,0.447015782956024,9424,20.59876688026123,20,0.3712777894338239,0
M2,72.73335737547147,0.4924346490222762,3715,17.306249725345726,2,0.43402484657266693,0
M4,50.17820676459854,0.48535849807004866,5712,26.629518750615333,20,0.1328117776058397,0
M1,54.555938351043395,0.5807758368824957,5006,24.828298077470222,11,0.1812714748772907,0
M3,75.77203987625873,0.6593672465305911,2872,22.491380655245507,22,0.5115387282828235,0
M4,74.39729079725383,0.44599218072256075,7290,23.0426253913081,15,0.40825418599169633,0
M4,70.74668519033351,0.6238781179761456,1340,34.72072118794612,11,0.3529939202881305,0
M3,69.56164355642854,0.49165698290657256,2354,28.728428967556965,23,0.382825196123941,0
M4,75.9314239205194,0.5740867264191114,5597,38.83256227673144,3,0.44199799284977936,0
M3,64.25603551811403,0.5329580722948242,9041,29.15556749744169,3,0.2964483619491231,0
M2,61.5636272290765,0.7667653828510905,1852,24.890920756124018,12,0.26334041789502816,0
M3,72.07268823207916,0.39587445042200237,4799,24.43378355782423,5,0.41352490368386274,0
M3,60.78592278109695,0.5134655960452272,5851,17.882232350138935,20,0.23007737315918328,0
M3,72.97163797141471,0.49251846562683793,3584,18.64147111146879,7,0.45028252345011904,0
M4,53.01789544198604,0.45510755065390485,6955,23.2135128429873,7,0.13372051108992186,0
M4,81.86620138454948,0.5523493935095193,6972,22.838138798120845,13,0.5654563052977944,0
M3,74.98505410254252,0.3460526401845506,5250,20.424067169301644,9,0.45928706510905865,0
M4,72.6458631473874,0.3924552847601313,1715,30.660835362211756,21,0.42212026996916796,0
M1,80.81527026801673,0.37248458850573235,3496,19.384752332198776,13,0.5529041632267879,0
M1,87.98815656634298,0.5598978719415251,8582,33.6500508691106,12,0.691597721772231,1
M4,80.01846901295545,0.5757948146356457,4115,18.902220529434416,13,0.5646401155699223,0
M4,50.64289557252725,0.4533648909286694,2150,33.80222603737312,10,0.11646676422143895,0
M3,57.58263693959146,0.45750307036795035,8910,24.917279494721132,1,0.1890619653422653,0
M2,60.56388676339661,0.5145667699196602,5959,32.798995339319006,8,0.28291395120620333,0
M4,69.84026651110062,0.7143421244948942,4978,21.739815601736236,22,0.3878480450662849,0
M1,70.2334703880627,0.3764668769052717,7779,31.858248184281862,16,0.46867058258384187,0
M3,59.39097830159234,0.47265035558611995,1912,22.875419047562602,13,0.26723750246961236,0
M4,68.21529594593736,0.561794958413088,1889,31.352157882147807,3,0.4138918268658704,0
M1,64.54087416137288,0.5577766553740903,10630,29.5928905432936,3,0.2645790055443524,0
M1,63.91278560201916,0.5483899346496879,5183,24.373241735813192,5,0.2847443908251068,0
M2,53.40929098508511,0.6365218699101913,8760,29.092898651933723,11,0.1744513305919741,0
M3,61.74979962578168,0.27106217061178955,3799,21.02045711475717,7,0.2344140018290548,0
M3,58.460462902569695,0.6162490613336895,2255,32.12379112772847,21,0.1805479984019847,0
M2,61.25823858252142,0.4206482498135991,6621,21.884240006919246,10,0.22988229616011902,0
M2,80.15899770909323,0.4195937195014147,8437,23.28125854309031,10,0.5657042511846458,0
M3,60.97098434851931,0.5333818338945598,6604,26.009764438754722,20,0.23616031043378435,0
M3,98.12681371465938,0.6428328833333412,4501,29.6626956765735,2,0.9009778634734206,1
M4,73.99468733348358,0.5510465021258655,4681,35.19615322099274,3,0.46543297408620077,0
M4,71.90809508346439,0.6236087061196821,4119,23.438606177016485,8,0.4138412911185139,0
M2,60.902036108975004,0.5491854885977276,1742,29.25629978307027,11,0.2512447087315155,0
M4,73.77626708878493,0.6317732368732474,4544,36.115890662737286,13,0.5057828012042039,0
M1,66.07675809891087,0.7070946907414636,2937,26.08161815530134,7,0.2935012957602317,0
M4,75.33464187644162,0.5070392351307114,1524,19.087936146050698,13,0.40236762410440285,0
M4,93.85325614020557,0.5450780036466086,9902,15.287088268889585,2,0.8818092365237853,1
M1,70.9647614725261,0.3593111158109558,5989,32.6253697964381,6,0.3629707624717953,0
M2,79.80874570333356,0.5345897753795739,7005,21.96102216443681,9,0.5863370932948427,0
M1,63.233811378895254,0.38107877435144877,3504,19.040247242944382,20,0.26903584531090513,0
M4,72.66613964260993,0.7668889425292436,1900,19.435293452334744,2,0.38011086981365405,0
M2,86.66712838557088,0.49039183112680795,5735,18.73034454892968,18,0.7103705644356302,1
M4,63.700956593338574,0.6006229958810629,7192,30.048642236651705,16,0.28265751327198535,0
M1,84.52147958695313,0.694451034494713,4536,30.411667774075518,12,0.7204996559292762,1
M1,75.74911066666229,0.581276766589873,9142,26.7025045486643,7,0.5045066868086965,0
M4,60.56278759705591,0.6935310379484865,2077,24.972058875432232,7,0.2954269999978785,0
M3,77.1824336303052,0.5537852636296451,7502,20.50209549909115,17,0.4892496888541446,0
M3,81.38881961417046,0.5496346476071234,2905,21.649907884371935,13,0.5530038491800817,0
M1,75.77482984903035,0.3803556557540643,5266,20.56455866939573,11,0.4869973796948935,0
M1,54.86952673560902,0.36603408353035066,7039,30.409098115446884,6,0.14882502891226124,0
M3,62.07716733125042,0.47690670022422155,7897,20.553311714047634,23,0.26614592345419386,0
M3,69.00590437623383,0.537594028076162,3677,17.58739171096139,14,0.3407363902841719,0
M4,69.51458957924994,0.400806533057891,3751,24.623759217238774,6,0.3679642372771852,0
M4,72.23539426389966,0.3760812876896307,4181,15.414776371171119,6,0.4866925141070911,0
M3,73.65697164551818,0.3423027613223242,5770,28.85446237421256,2,0.40862678043746187,0
M4,55.86747082373268,0.51841662340994,7872,25.262774410050667,22,0.18156778067461546,0
M4,71.26121956764281,0.38265609009089574,3036,29.726169134863362,20,0.44323779803992197,0
M2,75.22798950815023,0.5830708525742009,1443,22.03369613371362,15,0.48727028198185923,0
M4,71.79376518221753,0.466522538617568,965,18.68560421437254,17,0.47685781033383084,0
M1,78.30802863306813,0.44109199720447206,9689,19.69378712460396,8,0.5713888042649629,0
M4,78.62512076571981,0.41547618920286167,5063,21.235665095325345,5,0.5263550220596753,0
M4,75.0452241649655,0.48990139668362975,1307,24.384693130931463,17,0.45769368292551366,0
M3,69.91122055392387,0.5688586152144363,7211,18.541562276414986,20,0.37023239657398105,0
M1,53.39681040036708,0.6980616597959008,5367,21.724411414825973,1,0.14216114916000155,0
M4,72.91045194438183,0.29026108838927966,2034,23.23672861855984,22,0.45082301690016635,0
M4,71.96795859270999,0.5043698980102814,8945,28.688581685241974,18,0.416488728423285,0
M2,71.84137347805796,0.4867388483073881,8314,22.89542319046504,15,0.4268404257234506,0
M4,53.980951045646535,0.5433141196149709,6353,15.335882226041845,5,0.19061843119985797,0
M4,57.6446046138962,0.5325825854985239,1081,24.69691187642025,7,0.21600306436968555,0
M2,82.31061099566709,0.5037575396296785,6532,23.146961133348412,18,0.5670593911774403,0
M3,72.78103676554333,0.4032529140749395,5970,23.389900227946285,6,0.37403377891014955,0
M4,78.11755706196362,0.3875368289090966,10074,18.97432302004235,22,0.4980427754354794,0
M2,73.37057928328944,0.569313447924547,4763,19.356235215372486,21,0.38806131084088047,0
M1,70.46833861522737,0.49741025176039183,2376,23.783131630720924,5,0.3855389440998324,0
M3,82.86759022916506,0.6833427551263571,7306,21.873598125684882,19,0.5511661779134002,0
M1,68.94852959848343,0.5325496478405732,9164,23.062864873434755,10,0.2991071945119142,0
M1,67.49426877333747,0.43084547845502247,6329,28.815086873144562,15,0.39610488513130365,0
M2,65.82023372721524,0.3637727245746824,2864,18.14420915701626,10,0.3043875247692366,0
M4,65.82789810385194,0.33960843465000556,6075,26.943105899072613,16,0.3088080844982487,0
M2,66.06007113414542,0.35385660875974156,1955,16.063136851661294,12,0.32781479147958725,0
M2,73.20516879263991,0.5618783181740279,7178,26.637322507552522,18,0.41909775501125424,0
M2,65.29476392064898,0.5447563332163561,8509,18.965447560348515,23,0.30583173667017455,0
M2,81.08666341495112,0.4241993496005365,4175,32.39677765248647,1,0.6046595783241157,0
M3,61.000716767731,0.7165848237435511,8491,20.064042025379063,16,0.2447372959215003,0
M4,70.5404727171232,0.4870054435700095,4907,27.13661727786723,22,0.34977155387000186,0
M1,65.9677656110236,0.526078859384008,3036,29.937065333271505,6,0.3108273253642428,0
M1,85.72368834004959,0.6924511782914046,5867,16.614600325463545,3,0.6485970862812143,1
M4,71.41144156455756,0.534632277292371,6794,18.953382493753885,2,0.41605984325001394,0
M1,81.22257341498958,0.4821522085826875,3360,15.944841655065499,2,0.5635222536824687,0
M4,52.72596720866392,0.3743145471110408,6972,20.74940151780249,13,0.16021356125319058,0
M1,71.671061659853,0.310317305729086,2462,28.301049190737864,9,0.4226246388689518,0
M2,78.69097073910251,0.3917667026769006,4806,22.06167542936634,16,0.5360794894111659,0
M1,68.27016805150117,0.4616481038492858,8547,24.04174284287767,5,0.39451912638036385,0
M4,78.99437031286897,0.30768350200872896,4830,14.164118037482778,23,0.5686431173335788,0
M4,65.45333903614406,0.4282120187933861,3024,32.1114740506531,21,0.2986979758878611,0
M4,84.35313823443187,0.5254288784426792,4119,35.528017351130835,7,0.6377761821741078,1
M4,94.60171208550791,0.4340720979032706,7205,23.947312620951173,13,0.8232783058457543,1
M4,65.17059235923308,0.4881884411069328,8059,17.9845470827161,20,0.32174385883391315,0
M3,65.66017923800277,0.4691710127760072,5600,30.066193298169164,13,0.3102857903075212,0
M3,83.19010994940935,0.5668567900212295,4513,29.35268618152659,7,0.6472155295210392,1
M1,87.20797855552577,0.35286631080712744,3446,23.38376727414142,10,0.6693319784857883,1
M4,67.1528919605178,0.6603667267263034,1079,23.332540404325805,15,0.3006032645868538,0
M1,66.76478148354703,0.4134018203168168,3264,31.638381494612748,21,0.313679811989948,0
M4,69.3045424639481,0.47922581351300686,2992,15.181646705425097,6,0.33518474489548666,0
M4,56.620494615432946,0.5285107780612689,1885,30.137600773005335,5,0.181406977138884,0
M3,62.42466820514837,0.5674832418917992,9343,21.137263819510963,23,0.23991280532066753,0
M3,60.109427817704244,0.6184267866140347,7596,19.072314515179634,2,0.22930200194133363,0
M2,60.272168215787175,0.4670836137894083,7645,23.89820551452,21,0.2619014222976298,0
M3,70.14659390352939,0.4285972257049122,2329,19.82651774792951,15,0.3739556274674169,0
M2,70.35155393778419,0.4975344603844684,1504,18.686130023110426,16,0.42053012101630366,0
M2,90.18326283127858,0.43314023896136095,7457,33.45189887700692,19,0.6642079256810968,1
M2,59.348283275061426,0.5744321779603493,6188,27.80507750919398,9,0.2282966115520913,0
M2,81.13329969566384,0.42459474361001326,4484,31.25871772741135,22,0.5552489628430446,0
M2,67.83528511869372,0.5205234629918201,6072,28.326316959436433,19,0.34605749750490405,0
M1,67.03813605540385,0.44598144539322143,2222,25.864769725895876,7,0.37239617033262445,0
M3,72.9511488615369,0.29916925681427015,8601,25.012109848030455,4,0.49529303066168534,0
M2,60.270807694525274,0.4467402206789517,8774,23.21301625046477,3,0.20969904217976681,0
M4,76.92277931538263,0.6001147982918851,5156,22.993177259424048,20,0.44635002339847507,0
M3,70.19491466770984,0.4657931528481958,272,14.334765718081304,11,0.4084085470284053,0
M3,71.6111276009623,0.4389699720395693,5417,35.67036077490506,1,0.46384030307826324,0
M2,72.24136097423494,0.5679955636779892,1868,17.390179069079206,6,0.4321013719683654,0
M1,92.67876730863148,0.3513528359365132,2839,17.748308636784905,11,0.8559205158730683,1
M2,62.32196879776266,0.5983688924736315,5542,35.520291463569855,1,0.2829595472439613,0
M1,65.91077784943239,0.5438059107366546,9012,22.988582970163723,21,0.2978915529674716,0
M4,63.66766864094668,0.293761353092157,3407,24.900149126825585,7,0.2815038705619987,0
M3,62.786213690633424,0.735510903729726,8481,25.222715656587052,6,0.29740745194516555,0
M4,64.80313029945721,0.27368061060280946,4492,17.195942843112167,14,0.2783647825917779,0
M1,83.2239100012271,0.5846185455553351,9629,14.86832271538977,2,0.5964247075974146,0
M1,83.5309275078093,0.6664390043845632,5981,23.552374055881494,4,0.6418400852110302,1
M4,64.56837010434135,0.5433971774267694,4920,21.84763737408721,11,0.2893298604404253,0
M1,62.71744803511166,0.6210940368220039,3871,22.971258975785748,15,0.25479504822611654,0
M4,75.56636182583084,0.40334789435925034,2031,27.749534884908805,18,0.4609577981074298,0
M3,64.55899773112135,0.5933967742163836,9955,30.18588653530816,1,0.29459992465604407,0
M4,79.1944904140057,0.5692900113831352,3598,30.078903627487772,3,0.4909502691703923,0
M3,73.19459183454337,0.46211951137402146,5165,18.65138034443031,3,0.4147884647973645,0
M4,53.94120081703221,0.5502939544055179,8650,24.703119860354878,7,0.15973766556292426,0
M1,84.5857138779028,0.5434792638722498,9803,18.14209050308195,1,0.6670316880083431,1
M4,86.84260403068187,0.30791747588945023,7090,17.90724377473848,11,0.7131263914870974,1
M1,65.13635498961176,0.6462374314078968,4601,16.561491794037746,6,0.2870193858962511,0
M4,64.87748928063635,0.30545007205959396,8203,33.728269455432695,20,0.3166068358336612,0
M4,72.00885572884344,0.5812756066560537,8491,26.16339061504642,3,0.43179555463973657,0
M2,75.46061267610187,0.6447344646532872,5135,24.440123700541633,19,0.4402366228230293,0
M1,76.96870665086308,0.3167826499255365,5378,26.4033347761901,2,0.4933651075034692,0
M2,92.49911064190587,0.4401217852088625,3040,22.078556386824026,18,0.7601001945751729,1
M1,69.82664747176419,0.30563248219645134,7787,30.671532858047232,12,0.35067259630580655,0
M2,59.663683896475334,0.4839285206387715,7129,22.857790101800312,10,0.25638886372674713,0
M3,56.00254160337333,0.37222630117433214,3616,32.37462882763059,5,0.17494918268823983,0
M4,64.67059768051789,0.6224665595682555,736,19.595339676824533,9,0.26777115264927026,0
M1,67.22437814096001,0.5652990048223605,7387,22.718579259438183,2,0.3788260904690563,0
M1,88.78500027589523,0.5509394528109228,2143,25.92422239838658,2,0.7184718149637007,1
M4,64.7454140622408,0.42560253254708885,5797,25.260103092152413,6,0.29785058309146395,0
M1,68.72830203214421,0.5646331772093998,8384,28.10235234376237,10,0.41855589265236465,0
M1,70.07508964831034,0.3672158034489837,6997,27.39277759622832,18,0.3759198659335019,0
M2,80.20899670222776,0.3232972880776828,5092,21.51736260713908,12,0.5925944807404824,0
M1,92.93402069450337,0.5293288999275187,5484,27.66079751306205,4,0.8762408263831679,1
M3,64.70959362244207,0.6417782636925378,3410,21.82220442766177,22,0.30013195986298524,0
M3,61.24389969631176,0.48848277090055087,2671,41.92617817294546,21,0.3010028185544765,0
M4,79.09302818552095,0.39380586668626716,1814,19.562546308322517,17,0.564748699849553,0
M1,81.9212634012684,0.45081516211894757,4687,24.023305733014634,15,0.4991398799966357,0
M4,89.76751804417422,0.6043875852259698,8239,26.08555963851169,6,0.7274101490267979,1
M3,74.07643204092493,0.42878500827095417,8130,19.6050636595494,16,0.4804065868093343,0
M1,69.2154109723302,0.595056105811346,1680,31.973310471423655,17,0.3238314250898874,0
M1,73.92246118536883,0.4162610882841101,3788,25.779812119558922,3,0.4820035379006682,0
M4,79.97964549955813,0.4934729805257195,7238,24.82568539899104,10,0.578947788589403,0
M3,75.90711899211507,0.6204100179097822,6362,21.435165170594416,5,0.5257919181313554,0
M1,75.58490006840502,0.49340018314430373,5436,21.041735374754236,14,0.4679614997954678,0
M4,83.4040061400858,0.5125140708236663,3992,20.382353269187842,21,0.5699374971238769,0
M3,79.69494343933701,0.5084023846291434,7438,24.074339271641705,13,0.5905137575099186,0
M4,79.70070383555709,0.4391822501585205,6440,23.563808255514132,6,0.6319697772376571,1
M2,78.66903222493526,0.46218303639448605,6583,24.56717843721062,12,0.49263807800086007,0
M1,71.43642019900682,0.5231895933470414,2535,20.893579928140415,8,0.35297660531992814,0
M2,67.47697593150376,0.6933355266098159,6675,30.088254001769,5,0.40947958075667273,0
M3,82.98519834797646,0.5540792998730825,2156,27.71139596397656,15,0.5985711605255515,0
M2,62.28365399435822,0.375866248748509,4359,23.192634712462777,16,0.2532034174430979,0
M2,72.1117824789535,0.47989586638058773,3423,20.571677278304204,1,0.44491032385808954,0
M3,63.27790054338793,0.3874527715430432,10297,25.37027921845997,16,0.31768916246963963,0
M4,72.27094892024128,0.5917903534203366,5738,35.522220843168476,5,0.38857106224442706,0
M2,83.14265968898737,0.518108325535137,2830,33.62792505492891,3,0.6124830007357916,0
M4,72.41984359505247,0.41549921554487595,7309,16.70928233526425,20,0.41302999987376365,0
M2,69.22082677589509,0.5958973322658285,4685,30.160600274277066,15,0.38981109295309246,0
M4,54.7976201813009,0.27972393093212294,4621,24.765473163040472,13,0.17568314735568166,0
M3,72.55258857772432,0.318795301005669,9179,28.161237806375315,16,0.5093501543687038,0
M2,75.998785751841,0.3850192870543919,9396,27.602482989181016,23,0.49101957616399033,0
M3,94.51019999196303,0.5629895654760321,6193,27.011209954581364,11,0.7941382103118221,1
M2,65.14170881037268,0.7759942309391675,5048,27.890037765701443,21,0.33559368766293524,0
M3,69.14667388810591,0.752257267344422,3260,32.05510585150765,2,0.42330289211441974,0
M3,73.36516597002155,0.6427965960802567,7126,30.78071050328307,22,0.42473429859761624,0
M2,87.01469279452742,0.48948161490811765,9350,14.790768847834348,6,0.6722580140764108,1
M2,67.87523275476813,0.4278811896177761,2444,22.90547064713914,6,0.3618799268879522,0
M2,72.09268632830411,0.3526583974988234,2730,13.901233715963457,14,0.42653559888989173,0
M1,76.60677133160291,0.3960296621147921,6721,24.633943300254533,11,0.4846247492783973,0
M4,71.55499229430494,0.4659478661538271,1428,15.857626302036739,8,0.41051154401015444,0
M1,67.53592252600268,0.4029247673567239,6347,28.05662219612568,8,0.30952508973721893,0
M1,76.8153850808315,0.40643843763402054,8300,25.147844388122127,1,0.413118964988804,0
M3,77.3179903882168,0.24777389249793955,10871,21.470528381660795,21,0.5693248097093297,0
M2,62.19435726700536,0.5592799752492668,1823,22.52787693020403,7,0.22502808130165833,0
M4,71.54021614351544,0.4638048402596531,5015,27.1704600242407,6,0.401507104358022,0
M3,65.7751937283166,0.5247659397255056,3579,19.653237735945346,21,0.271417611132274,0
M1,83.39917531177979,0.6842550697632965,6412,20.685075440764226,8,0.6004661783779182,0
M2,54.89044387203368,0.2638453224824476,7326,20.77006007214744,19,0.15524980122465565,0
M3,65.93082741216618,0.27030900796729596,4217,23.67271528625281,22,0.28845309937398905,0
M2,72.9838072082756,0.5109003482608979,3258,20.513810326960026,21,0.4443346637930856,0
M3,84.1066374481337,0.5250949751093464,8612,20.436578574027624,20,0.6713893985982559,1
M2,70.96422362046683,0.6924861274359333,3847,28.110307048776583,8,0.3748185371572438,0
M1,62.75934783548901,0.38669545007136064,4811,34.15097497056348,14,0.2910429713000257,0
M4,90.09631587768904,0.5979000101888369,7991,30.031077384576935,18,0.735147971396887,1
M1,55.58135616201256,0.41723053140972094,3279,27.499623051909573,16,0.16539199858768897,0
M4,43.35305713155403,0.4456371465153466,2768,25.38683319412027,9,0.07439781669071294,0
M2,73.25137959960745,0.7416094697782855,4093,24.996168713828396,15,0.46282252203284113,0
M3,65.64913414652314,0.41392481979935386,6371,18.458918466166146,10,0.2986244932036374,0
M1,58.97567050087588,0.5775662382580908,7834,22.640998406820177,22,0.22541557672728815,0
M4,71.99010024946917,0.5457020520679227,7909,23.67102847927764,16,0.5051717686216667,0
M1,75.07950739336431,0.6595674588533491,5052,22.90412538357667,4,0.42429074194954386,0
M4,64.69796379517594,0.3913637550044816,6504,23.44740803337899,20,0.292044074723948,0
M1,58.08443459583067,0.5703877642550865,3331,25.692792345768755,13,0.18945989624197718,0
M4,77.77802097844496,0.40489683511712854,3593,19.94520180590913,22,0.5333686460143511,0
M4,77.56499115587992,0.6152639188443038,3507,21.467849732930254,5,0.4939795289158112,0
M2,72.67788165137958,0.41246853685359774,2952,20.01977997630964,22,0.3640304618068599,0
M4,86.99622399322195,0.5195190807239228,9670,5.670480670495755,7,0.7277965223351951,1
M2,62.63317774745261,0.4911601529021955,6949,18.11863946279697,23,0.21702928505788935,0
M4,55.541876422536625,0.5706577461292704,6764,28.052704555763068,9,0.15749909962921005,0
M3,61.34205380511383,0.4747571146931429,7323,28.365156915210633,8,0.27276615988190006,0
M3,73.96892111162704,0.6311752267983683,8775,14.035060228285666,16,0.37607039159387823,0
M3,73.21667497300479,0.5196296184075757,1769,21.509176599355527,6,0.4213545930374162,0
M4,68.94059675898279,0.3423524859822136,7027,25.653514118798782,16,0.3392388551287585,0
M2,72.98184975568945,0.6059644041934794,2226,32.46404563140218,6,0.4431269735894907,0
M2,55.891952467436525,0.4346873211180226,1933,22.354111311670078,14,0.19067146368515162,0
M4,84.77327253008418,0.5049418863859427,5970,25.60662496756776,21,0.643193844729782,1
M3,72.34141566304098,0.3791594466347094,9710,27.82719581145052,1,0.36703775614972844,0
M3,80.5536386915099,0.5954408075399915,6841,28.442192426810358,9,0.5837919425979209,0
M2,73.37375097262876,0.2877953602201594,3354,28.992587942346763,13,0.43572545619402736,0
M3,77.480189135497,0.7609636513325978,7037,22.57845394490491,19,0.4676061557987828,0
M1,75.09701911071356,0.5154354941952421,8133,32.00113315699495,17,0.48170027967276974,0
M2,75.4976382225114,0.5769800402070139,5918,22.070910971007244,11,0.457725735472066,0
M3,78.18192861215483,0.38307118663705886,8422,31.56628276536458,8,0.4925659073039759,0
M2,82.89796340357034,0.5084362726095489,3716,24.71581971804151,23,0.6220579339389979,0
M1,72.58488688341454,0.5900594588258673,2942,23.45227190910403,5,0.4149288889427236,0
M2,78.41224313124746,0.5778565480701093,4669,16.493523764305106,10,0.5054407403248531,0
M2,68.30081267003948,0.5361979783013973,8030,18.27038992219542,7,0.367592803734569,0
M2,86.03270248447471,0.4540860892987769,6025,24.444952427127234,10,0.6438591408714345,1
M2,62.14210481249642,0.49745954862666425,1534,32.96528945444822,4,0.27396554029448356,0
M1,86.65922917118716,0.43545294971130516,1099,30.249885160864935,9,0.7162528194889115,1
M4,66.54433837191564,0.49380580128064505,5060,28.65701192601886,14,0.3742727293799111,0
M2,54.6853242910174,0.6204228920984444,4797,27.629066267051506,2,0.1713290856797467,0
M2,69.65003874536745,0.5669073176808429,2229,21.18902134914613,9,0.4032539214924192,0
M3,62.387735512741244,0.17394519857460117,7549,27.448246471872626,21,0.27013187647524284,0
M2,79.63042075371622,0.6673405331197155,759,16.318882854982654,1,0.5290029821208484,0
M3,60.02241170022588,0.5373839511653963,5032,29.433950927293996,23,0.27882062179930817,0
M4,61.588823878677985,0.4841936781444279,8780,24.543378207581664,10,0.30993090319104116,0
M1,49.60643425724213,0.47436168334420165,7076,23.450819298216402,10,0.11043357606703509,0
M1,66.39939779468254,0.5736881898023858,1669,26.75746599160561,20,0.31071543985449745,0
M4,46.33893662774981,0.5754374212883905,4002,28.510922497745746,22,0.051927568260812046,0
M1,52.63084709932092,0.5423082298236149,3150,30.924658328696577,3,0.14749802508587623,0
M4,79.9429630257559,0.5023361883903381,3232,22.39410232100995,6,0.5140967595307211,0
M4,76.54118171627164,0.3989456915326506,2374,29.156167343999773,6,0.5162849360762399,0
M4,75.17948359010391,0.3392329410336187,6301,22.10024780274835,21,0.4513358863478383,0
M1,59.60466591363952,0.38534658039976444,6115,26.675640073449628,2,0.23149299275857738,0
M3,67.78533373659289,0.6072935967492662,2988,16.283334436179064,18,0.37463949176351596,0
M4,68.75384103286484,0.5971361133703191,1585,25.15362983906456,23,0.3818764413539386,0
M2,59.88435387770169,0.5968599074597257,2680,18.886526640606,2,0.2062574975429207,0
M1,85.75603330795701,0.6130384747012999,6457,29.56647475841655,12,0.6578680110062269,1
M4,80.70982823330979,0.5966532146635957,6535,28.05078468233952,22,0.5365581404786406,0
M4,68.51233042677752,0.38994167183515505,2951,22.695756710092436,5,0.3437179514348348,0
M2,67.04651946359687,0.5752402944275489,2675,27.302703231779176,20,0.3862392014481642,0
M3,76.31265774809312,0.613304527837273,4259,30.5749773167612,7,0.41780421038562293,0
M3,50.332989343874026,0.5243759830710146,3856,29.343932411930705,16,0.09458038712941122,0
M3,68.55756928357049,0.6029605250361023,2954,22.145630708369037,20,0.3433189397971063,0
M4,62.42648216102889,0.49802477989615795,7589,18.084878997234295,1,0.27556708424843396,0
M4,62.21015648765226,0.5686259523731725,9827,31.9203377312713,1,0.22859503740216977,0
M4,65.0027819499402,0.6402661473038415,1136,15.929144851541565,17,0.33692791596268434,0
M1,89.19652342382221,0.5688660140310118,6408,28.332271103457632,1,0.7165722086648288,1
M2,72.24916204817602,0.400372609486511,8546,20.72124212513648,21,0.4905447893053733,0
M4,65.64262714487239,0.5062667829338134,2882,19.972196168339895,20,0.2900250831584703,0
M2,73.56672699028272,0.47489649057062056,6899,30.82005356312402,13,0.47864518069218426,0
M2,84.54754340671427,0.3947875960748273,4221,26.922667801822215,9,0.6341179442831232,1
M3,81.96101776262003,0.44024987586256326,2932,26.67153037511526,15,0.543357515303235,0
M1,72.24173844820263,0.3846137478461956,9837,35.461457843665805,3,0.390082295706383,0
M4,65.97939556317938,0.45173907362583493,7715,25.317355651315328,14,0.2788849248081414,0
M3,79.22393002343152,0.26711081552231375,3214,29.8907470362109,23,0.4990444819682447,0
M3,72.88628836839774,0.4873379852392327,9616,25.017262718872782,11,0.44864601698950174,0
M4,80.14859254789303,0.5441663059878846,5353,26.190252363328593,22,0.5385905098098833,0
M2,72.90188422493607,0.4134738053184663,2132,23.10582758528041,12,0.48874995179802877,0
M3,79.12165431730484,0.5812594855262123,8156,25.096717444413326,13,0.5691592070751532,0
M2,67.43295766096242,0.5662211743567271,7775,19.308668121753044,13,0.2980923950382057,0
M1,82.40386705149082,0.30842574210398555,2191,16.623490201219298,1,0.6159914241494036,0
M2,68.2399922735825,0.43800531662039843,6209,11.970837764926717,10,0.41275215683904704,0
M1,94.78000656091535,0.4293888814214404,8829,27.236750715562277,3,0.7738389597154242,1
M2,64.23262238544376,0.44490902380451697,1296,36.39357743762955,4,0.2707525056029549,0
M3,88.88859447226407,0.6480271340933745,4412,22.97637345878973,16,0.7051843411688152,1
M3,70.01816876478269,0.4460467759088994,5347,28.643058675104008,8,0.4141806079463049,0
M1,64.05393310491526,0.516607742757128,4015,26.950123301741367,16,0.27809464784593185,0
M4,65.67629160123518,0.24562345517466655,6102,17.437143713291082,17,0.30063154740975806,0
M1,65.15355720480945,0.6672307371610868,8075,20.34299266993996,19,0.3308134483311721,0
M1,73.90202009297285,0.3367589578577363,6156,28.241077137269514,22,0.45142131774811184,0
M2,72.22741945478896,0.5405247915144709,3951,22.609400644245806,15,0.4707986305367159,0
M2,63.569580894862206,0.47337567685858584,10058,18.44382114229376,16,0.29090001994220616,0
M1,71.70414659190982,0.6284613152765252,9456,24.712525405601742,15,0.3803985036019764,0
M3,89.92900706813447,0.44640461719576463,3978,28.467739999837164,2,0.7870250950802977,1
M2,91.09002737386021,0.15716357681861381,642,21.602060200216062,11,0.6967104959589042,1
M4,71.4910536716702,0.6285942628696806,3865,11.504288434348872,1,0.4554599432621088,0
M2,69.85968408209081,0.679787338295633,4891,24.4922875186751,15,0.39160743077784776,0
M2,69.88745333995436,0.672680262193077,1878,23.57477087915864,19,0.4033837942599709,0
M4,75.77481806455842,0.5411131702026427,2334,24.22396893536467,4,0.48710653183162334,0
M1,62.51502391229779,0.4736883847166136,4480,32.77080478496419,11,0.22359634520478125,0
M4,65.45732363283837,0.5094065738065758,6961,24.816823425170583,5,0.3411680866276984,0
M1,52.411618199365044,0.37900274038065085,6758,23.83749196719327,3,0.13678868213399256,0
M1,75.30124273149907,0.6074346000598071,6277,33.16428488850667,13,0.45025370534432974,0
M1,76.65827695686271,0.5333309558281628,4820,21.311865489082646,10,0.49405532388620194,0
M4,65.51848527562427,0.6129625948857786,8693,38.719249375585136,11,0.3067871198781784,0
M1,83.80931495370122,0.6985948974726502,9221,19.694369023120515,18,0.6776893002510399,1
M3,57.59917642677159,0.5123627496678396,1247,18.390959968982127,2,0.1964213421202553,0
M4,57.61940810098085,0.5052556023108234,1598,28.11830114912805,7,0.16325151531309182,0
M3,69.02547621943776,0.43331109718445354,6865,30.41384086329866,9,0.4190269137595434,0
M1,79.07636472472349,0.3589463613608964,9138,25.611476472366977,10,0.5644803351157888,0
M2,83.20819365552802,0.43941759382034346,9921,21.522756651045075,18,0.6917665305437382,1
M1,66.48510876519808,0.4472739818875307,6838,34.72767496828694,23,0.3073486123697591,0
M3,83.2377494249419,0.4335949330904404,2704,22.530921687945575,7,0.571819313677229,0
M3,69.24809533040884,0.49068400229947284,4297,26.46560740549245,7,0.3751052060039593,0
M4,66.26268697156121,0.3976594581589318,1524,35.09410924712688,3,0.3512165497359733,0
M2,76.88410647195765,0.6585900779730051,1496,25.239187649810148,12,0.538221673165252,0
M4,75.92911436838871,0.478418515779581,8175,20.935349377073717,7,0.4941810917030653,0
M3,53.634334339374455,0.5894494839957539,3799,23.85328472191813,17,0.14979824410750808,0
M1,86.58906705428569,0.4821871535008688,2913,30.954920854693935,1,0.6499398700298019,1
M2,82.46316147258848,0.4867059719344843,7890,29.781215215437946,5,0.6322698087479199,1
M1,64.61452966127642,0.6311781240910441,2229,24.492113670316485,16,0.28354568400086017,0
M1,73.34709527587835,0.44448177558273877,2359,36.84442728890427,15,0.4468405967956257,0
M2,73.45078795234771,0.35147952908109137,1492,25.13044529029952,2,0.4641181683173376,0
M4,71.94598553155711,0.41790382927145664,3340,31.982009851513734,9,0.4245037283274393,0
M1,65.17002522528776,0.3596418925925579,2436,25.642200109673468,7,0.29119732767909,0
M3,65.11363310038288,0.3388938173068403,8010,41.73546066992351,4,0.27449824628416,0
M1,69.24051291576856,0.5569044077441148,7696,31.797407183937434,20,0.37649587248753374,0
M2,79.31941393099811,0.6285505271732399,756,23.91832632051521,18,0.5922580161761436,0
M2,77.4354311524752,0.5255894905483693,3804,32.320709067470744,21,0.47505579704246315,0
M2,64.49751791283471,0.5022236634560913,4522,32.113375321336115,4,0.3219794542236516,0
M4,78.23863344183852,0.5551066134988473,7973,33.51791515868703,13,0.5178830846885562,0
M1,41.46490845829173,0.3880612132615148,8804,11.60971130512447,1,0.005931580431577162,0
M4,81.1705168190286,0.4524028024106075,5331,26.064375207228526,3,0.5874693608231988,0
M4,51.62890961184299,0.5847338612701307,3455,31.219144336228204,16,0.12898460093403794,0
M2,67.6158881467996,0.6052162169015921,3728,28.57953140632483,22,0.32324548965249017,0
M2,51.63917583876354,0.41293524649263974,1954,25.254660700310513,4,0.209571389461649,0
M4,59.32612625952502,0.3015182419814799,4963,27.113282413414098,23,0.1831730945651821,0
M1,79.78325232499712,0.5118931225312211,4922,35.08160257839791,16,0.5886232658347373,0
M3,66.13890180638238,0.6734892114424361,5100,26.121323630915548,19,0.30966506041376407,0
M4,74.17509005317702,0.521362651999124,4915,26.50681264481573,1,0.4418348619646665,0
M1,72.0807489752498,0.506130852332609,2671,27.917175592375035,5,0.37528776052031354,0
M2,75.16590654330734,0.6827427901341162,2273,26.853447644311707,19,0.46509168694718617,0
M2,69.11000054933447,0.4099008439443022,4913,28.801032908996014,22,0.3940746057019372,0
M1,53.960567782292365,0.5123218936714338,8109,32.10573903214612,11,0.18936134738226032,0
M3,79.26506188472545,0.41984969414567563,6884,22.45319369903481,13,0.5564295650577387,0
M2,61.146083310620845,0.4453851663134746,9280,19.02130290705362,20,0.3020021045822753,0
M2,53.177209600780984,0.577299656091647,2484,26.540217819419166,5,0.1534648787649972,0
M2,65.13358714968047,0.5865088222279591,4003,23.7574533629271,21,0.3151832399247417,0
M1,83.62776595028525,0.5058421455551525,3742,29.35519489709043,4,0.6554147159101877,1
M4,78.58576473586476,0.4620388442494186,9107,26.65401724768456,4,0.5295915746922851,0
M2,66.04127063408299,0.604989413588181,6769,28.991567253234855,4,0.3252116390031594,0
M4,65.85204987415815,0.490850205302005,2095,39.70176201999123,4,0.3260392359017102,0
M3,61.935348253751556,0.35707796758188715,10586,27.82867695710566,20,0.3272689439407415,0
M2,88.17806947423732,0.2919491596801644,4447,30.711545430840367,21,0.7718248365240095,1
M2,75.10466798602529,0.43212618727422686,10046,22.02194238728136,18,0.4452369097815344,0
M3,75.90892901780558,0.3110750020141922,4454,14.87246286609673,18,0.45215242710575576,0
M2,76.62528110436044,0.5120411192680286,9825,15.07160002678182,16,0.5629920920850134,0
M4,70.75845522779687,0.5020686846254555,9049,22.447722030181062,9,0.42126983797789763,0
M1,69.55350927699122,0.391330323451369,753,11.17130657794221,18,0.3372842910118689,0
M4,66.60042388233991,0.6671801515749874,10030,25.43743309690565,22,0.35277537704974005,0
M1,69.06100583160914,0.6177527799628748,6052,24.74011984140241,2,0.3701047889771307,0
M1,72.5113882929334,0.5282316392902868,7278,15.417096922358127,21,0.3756422252041234,0
M4,76.55314081348301,0.562110080930812,4683,27.640125536120504,4,0.5089179295097392,0
M4,69.51002003769877,0.46451693977408903,7856,22.20883377265621,12,0.38791292232341956,0
M4,77.01232739097054,0.5553919796544642,7974,24.338298492224144,7,0.5110934189119011,0
M4,72.89965579471382,0.5788011734774882,2319,28.790054478869795,15,0.36759572637684923,0
M3,71.67875557573987,0.6156936152425331,6060,26.798278935790492,7,0.39561198140855697,0
M2,50.05615641023846,0.34660332849698366,9935,26.192430663475324,22,0.09650322379752432,0
M1,78.11455683566165,0.3112106734061878,1883,24.418424410815785,21,0.5395489322735962,0
M4,74.54251861534216,0.5555483241183884,9299,19.398200296765292,17,0.44157209423042454,0
M4,81.29950063845811,0.44596274191039714,8019,23.242211355311323,16,0.5588286606169683,0
M4,38.89108919911217,0.422818432017793,8069,15.102278407390774,19,0.0,0
M3,92.2570034316996,0.36908634171013793,3386,27.693973557828915,9,0.7760390277742002,1
M4,68.3017991452014,0.6273710445130423,696,23.92748622401715,14,0.36010408664008253,0
M4,81.13142543663238,0.31651164819700633,9727,19.439946967621662,17,0.5767737191881881,0
M4,57.83236272276805,0.7104179571703213,4137,23.750499453402615,5,0.2256405449830948,0
M2,75.32777499496787,0.4468192230417382,4778,23.301127319103188,2,0.4851449579983016,0
M3,57.40555983781778,0.5285452418578275,2323,27.11462216274252,20,0.22128019004558971,0
M4,61.60587405280935,0.48512061031920733,6553,25.744660226134403,16,0.2821763280360607,0
M1,89.89449397952143,0.5644647710737133,2967,22.155976495436782,14,0.7415132334210099,1
M1,67.38294286148032,0.5197035740962264,7648,34.13191328921728,14,0.3494916820752082,0
M1,69.5750533920724,0.43209676099802696,6134,28.496664071667446,1,0.41755068207569634,0
M3,83.05478260186429,0.4964770186148648,7134,23.976839890922317,3,0.5340522012030549,0
M3,72.70750880109416,0.3677470725864641,9267,17.855868831079327,7,0.46433548237103717,0
M1,73.68839497347443,0.5763233443970209,5997,18.947237536645343,15,0.4078665152798813,0
M4,70.69668274141864,0.47534232349202116,5891,26.207216861982435,19,0.4421554881256445,0
M3,94.94716052271835,0.4445496395623127,3066,26.6240958422777,20,0.8458842418522168,1
M1,68.92269129242676,0.38235975146968815,4846,29.4514554632694,2,0.36992366862606146,0
M1,70.75287700443286,0.2920686740233371,7456,24.421619466645243,19,0.41129671348512664,0
M4,80.90002860760752,0.5487634568363052,6170,20.26464665408851,9,0.5673099960653839,0
M2,81.17977904223851,0.7659373439214355,7204,23.729700818270455,19,0.5844474861451575,0
M3,80.24537268823971,0.5715622738526445,4565,29.28460293781999,5,0.595499576748746,0
M4,74.67182445871785,0.48641911597470305,2821,42.62836715530729,18,0.49107269210002813,0
M1,55.42212244870636,0.5011172335155377,9025,22.673640156636928,16,0.20746099720797564,0
M1,86.94544409172505,0.5136349393514483,4641,23.520807380211526,4,0.6824224412345643,1
M4,56.0289364156131,0.4722631196229558,7912,23.517420567784256,12,0.20853307247730762,0
M3,73.0343045654247,0.41053798008451065,8500,23.67834648819713,7,0.4304531129219752,0
M2,63.642197468047854,0.568403679995759,9931,13.821138262290589,14,0.26575425769871336,0
M2,69.77472659771819,0.5006913111203417,9086,27.937383663847967,23,0.37234784861778203,0
M1,71.84136150700029,0.4884013281653572,6169,24.096483127465895,12,0.4383127893309413,0
M3,75.03119697720267,0.5330423553218068,2764,22.463362280850504,3,0.43598302649666576,0
M2,73.40326458615034,0.4511354476602689,7535,21.51206013735343,5,0.4530595675989697,0
M3,83.46879117257649,0.4509680456097221,2431,19.122210595951938,17,0.6793402789091314,1
M3,73.96788800623325,0.5412586380322973,8145,25.753305907055744,10,0.46008481845881155,0
M1,68.73202840306296,0.4400673871616043,5562,29.674218754676094,10,0.340977034781355,0
M2,78.29204305406331,0.4351447669773909,5194,30.411346734172874,11,0.5504967080252754,0
M4,83.65106971918702,0.4787407318240798,4217,15.145449454795958,17,0.5942731890333975,0
M1,56.18326971819478,0.7463684983258827,418,23.74424317425481,5,0.19894289507875662,0
M2,74.70557431112753,0.40195615716879196,2502,17.649250708813582,13,0.48138156040289093,0
M2,74.91956939140248,0.3282668072436821,7339,19.839101456438954,10,0.500442336285676,0
M2,68.39178404021614,0.5132947422512835,3013,29.756650104611104,9,0.3332851918877712,0
M2,83.65058299293779,0.5758209035603692,8712,27.9440194177061,17,0.6311647106745795,0
M2,66.53992023418678,0.5651653070238154,7851,30.808177286941103,1,0.3572912046332164,0
M3,70.46334385015322,0.45458472907209846,3667,31.221946620670543,4,0.4027027347615649,0
M1,62.126979781363254,0.428965246495188,3486,25.510897186360083,4,0.35230713663111873,0
M3,71.71173520274796,0.6098940001590413,6628,13.96720866667194,18,0.38698532230239296,0
M4,58.69575585205137,0.317924604605558,696,20.694793470618933,9,0.21081787927644205,0
M2,50.78701487203726,0.3873791373781733,4414,24.37342828801588,18,0.1661249253407485,0
M1,83.03168774960156,0.4913749867281491,5054,27.74587283182736,14,0.6745363154694844,1
M2,60.687198391701514,0.3724671844355277,4724,24.41126020333357,15,0.2469202099823814,0
M1,57.457734987227255,0.5275475740259172,7843,23.931600339070197,6,0.2287144705988521,0
M3,50.05279751133497,0.6498071494278373,6633,37.96222503909004,10,0.08422738238282992,0
M1,64.44752829508728,0.4203539728918763,1013,23.34247628925729,15,0.2798786888840023,0
M4,57.48817395296076,0.4710495934782813,7604,34.76142415023012,4,0.18407290045012528,0
M4,81.21145773093428,0.3479947840012405,3625,19.83288355419429,18,0.6817546541076331,1
M1,79.04725406501255,0.3761121362334844,3732,28.024577781836342,18,0.5587850460304953,0
M1,61.72326364700465,0.5195233113026869,6844,27.70546181123366,17,0.27246290439638976,0
M1,90.61624914523391,0.4092514373953402,8691,18.14574240708889,12,0.8127903008647169,1
M1,78.98730430758852,0.659017531737137,1328,22.767579359516745,7,0.5568880920336264,0
M4,64.49920975074166,0.4716750883213856,3578,21.77735540516629,16,0.3297240427601716,0
M2,45.4363843171647,0.42171425937109946,6143,21.45464209927974,11,0.039897921082241425,0
M1,94.44252843458297,0.5176870425098212,1117,25.070800792841275,14,0.8217220301859903,1
M1,57.46504280921138,0.6254487099648061,8595,9.93246768986926,3,0.1752915329404792,0
M4,53.27019002700813,0.5574367735248101,3688,25.878075443971685,19,0.14362367882725463,0
M4,84.2241837127634,0.6298483286262576,9383,28.543798329318427,18,0.5663888452749554,0
M3,96.67747429239374,0.3799689507466911,9184,26.916568620206654,10,0.8530683289756263,1
M1,83.63961177776008,0.41128924537145056,9945,33.52632141402801,6,0.6316310748991643,0
M3,74.67454678012056,0.35694317256341385,2926,31.167461582304924,13,0.47580053791652743,0
M4,78.6235977422167,0.46026408579385253,726,31.58635415690387,10,0.48255255966169996,0
M4,80.54931695332854,0.5294827102753502,10192,32.38989332201923,18,0.5321313667194527,0
M2,74.7684314902192,0.4951744575298869,4945,8.066837445845154,20,0.5151796127770742,0
M1,74.98355687815125,0.5420716227161362,4357,29.70472216480426,16,0.4283051149681248,0
M3,70.7332639700709,0.6110720760561998,9583,19.384544128613218,6,0.3980195849177918,0
M4,67.65224565981806,0.5300893544549234,8612,17.73079146238744,13,0.3712743112544238,0
M4,58.50194239285191,0.359698167444083,5737,16.88159779158083,4,0.26167561521584093,0
M3,66.65541684193666,0.657226940627063,7888,23.2841665537753,23,0.34085736007960565,0
M2,53.0459766876063,0.36989259738277247,1497,27.31943697896594,14,0.13227467428932707,0
M4,72.19125904027294,0.5377475316819846,4255,26.320095453919603,1,0.3654451345735827,0
M1,62.0285565439882,0.688146116395297,8169,23.526229093755543,20,0.23437032104278563,0
M4,57.79833338509022,0.5383502029999591,4826,30.056289020717973,5,0.21324390915142102,0
M1,72.57762629997426,0.377801844162126,5258,23.716281568901856,8,0.41109622948331587,0
M3,85.57252170879164,0.5019585640805134,5555,30.072976526830903,12,0.6334266431417059,1
M1,79.35508083605755,0.49384889005350385,2926,18.373709047058313,2,0.5421126961356312,0
M3,53.12068564570582,0.5874874479284914,6820,21.724706429807338,12,0.15383465907724755,0
M1,59.03937372180974,0.2071476124480151,2483,24.843468028808253,5,0.2254079484856169,0
M3,80.17865802079606,0.6594097342669138,148,30.833365726812588,22,0.5499590406627627,0
M1,61.001087195667,0.4279661915933737,5055,18.272583399192673,5,0.22765365243605232,0
M2,67.16775926850268,0.4619301054767068,2850,24.386415082076653,13,0.34376891432595574,0
M1,70.26221658013884,0.4144413071584918,4663,19.449313853764938,9,0.47464825162490887,0
M1,57.73550999678107,0.5684197399838846,634,34.31638137869624,10,0.23295933800601645,0
M2,72.29313290468382,0.431231155317799,8113,24.269722745002344,1,0.39638423055269956,0
M4,52.3980690561062,0.5677822572613801,9730,19.118918447173858,3,0.18280093429394695,0
M4,66.35468559322229,0.7294010617391556,4036,16.063573555223442,18,0.2905327649542433,0
M1,75.27013386370238,0.42482253133924675,6751,27.940438722443016,12,0.43307274479817914,0
M2,54.152255428549715,0.5425984867302307,2667,30.317631616064826,3,0.14817130561458752,0
M1,75.6006094480612,0.3947532968623314,6550,21.939167326576786,9,0.4550958237062921,0
M3,70.86117136745096,0.4553604730244018,6123,28.73278173915789,2,0.37898097393159946,0
M3,75.29115328743904,0.4558321217526621,5424,22.381768748270428,3,0.47602661134069374,0
M1,69.49136310546947,0.38061499384068526,3269,32.3782007083756,14,0.41742136331311563,0
M4,85.57595024986182,0.5817526344626738,1335,26.94994871360183,4,0.6290992356441694,0
M4,74.06670504924634,0.7203522135461297,7760,27.14618359562338,19,0.4063985422130923,0
M1,63.288763540262785,0.4896882239130445,8008,14.561136584829686,13,0.3120355593825323,0
M1,68.40046501998344,0.5085411953726595,9936,30.798523338306843,7,0.4034592147100527,0
M3,75.1593864808492,0.4600025554092184,5407,31.083607252644967,12,0.47224520567102,0
M4,69.23615151198415,0.3835458516262197,3234,26.52633437022258,3,0.38746203056050316,0
M1,70.69581539244973,0.5774146783031145,8725,21.590189516632396,23,0.3891304474409765,0
M3,65.39607120165321,0.6508778446885745,5158,19.22979143403628,23,0.27412987970801267,0
M4,58.87964994794553,0.5459945090410617,7274,35.28008650313907,9,0.2778180389862161,0
M2,59.136491185241375,0.4971033971147044,2539,28.306470217703783,2,0.1718754917229106,0
M3,86.68243054811556,0.4651281324622878,7997,23.164928416572796,22,0.7064573043979189,1
M4,58.584925603388136,0.4402293479162866,3000,30.358903072330268,9,0.19160456304763926,0
M4,64.30839969824986,0.4814762617811731,7244,24.396348461389003,12,0.27376695627444053,0
M3,64.28660965270362,0.5363054909305467,1907,27.20405991972747,12,0.2699183444826821,0
M2,79.0730599775044,0.5194124354335461,5420,25.43690530804481,15,0.5377872484254638,0
M3,67.64162442065322,0.4824960232792734,9408,26.31438137971853,2,0.33290870453724297,0
M4,83.05546482794814,0.6536073778492766,5461,31.864317058675955,18,0.6064142523231856,0
M1,62.00452815600242,0.45974554857859695,3677,32.234095119021696,13,0.27437194678188115,0
M1,69.27383123936362,0.5784082033603724,4368,31.982235606805013,14,0.42819970460297824,0
M3,59.20815781187204,0.6170982397834813,7627,28.22087788872348,5,0.25656160515491105,0
M4,91.2430153187378,0.4046216812655406,841,28.1987405070737,10,0.7892111664779355,1
M1,56.5504024959121,0.5089422616687265,5778,22.895693035354963,12,0.20080892059387137,0
M4,71.5292149574912,0.34822742815575985,6410,26.87454260755603,10,0.4324717281923323,0
M3,79.93627090069339,0.5645508167995192,5160,23.918357380176143,11,0.49210697820297405,0
M1,75.85578056783473,0.5402380368605476,9123,14.345720987711791,2,0.45132520667465786,0
M4,67.64297147940297,0.4601212593922908,3227,15.07328388399464,5,0.3492948146802198,0
M1,70.04586289397662,0.6326851642432801,8671,18.214070878834445,7,0.3629723476489644,0
M3,69.5975775086093,0.619504927009898,4666,29.52321800675299,6,0.39158341599592117,0
M4,68.7514268520881,0.4500689371557277,7229,20.28510197360387,22,0.35609728753653314,0
M1,80.52204846478692,0.34220842348271485,5189,21.50493686392627,23,0.5483356190313059,0
M3,91.27001808036977,0.5677066521343831,9810,27.354871049176914,3,0.8066618116872785,1
M1,63.054581054847475,0.45012381882460195,400,21.71163032934697,13,0.29073034297099315,0
M1,58.749833841146234,0.6329840971262124,5985,30.642230329387328,3,0.17881069290420715,0
M2,70.34540545088366,0.2918657115638235,1668,33.38378643798552,21,0.3631538994746617,0
M2,91.28787161995776,0.5926658763369635,4915,23.928398305663062,6,0.8878929377393304,1
M3,60.626982460239475,0.4030717487720608,3421,32.19641555381366,11,0.2538147726880465,0
M2,84.82862305505188,0.6006431227111397,7539,30.364745070176113,17,0.6854464582742376,1
M3,85.5347319631396,0.5453499854335654,9154,22.822779637214023,10,0.6918324475399151,1
M2,66.18892216043784,0.353887310261238,1810,29.947796584453087,12,0.29096637133364534,0
M1,75.72824272786013,0.4328502435880564,4513,31.083202936146904,17,0.4782698908501124,0
M3,83.50470688957428,0.5440379110931873,8280,21.92103825356478,4,0.6830709015190914,1
M3,65.4422929162079,0.46539383705338955,1387,27.648677207046564,2,0.3198163532268137,0
M1,69.04767169420876,0.46852060197935763,4354,26.085784425906304,11,0.348987068093443,0
M3,63.743900829446055,0.5349201113866631,1204,27.339251137969704,7,0.2933922586603434,0
M3,58.56308079074435,0.40334847441654387,8507,24.062484896780557,2,0.22330282200907214,0
M2,64.16966310681698,0.5840266072744853,1711,21.53818558520281,18,0.281806531579162,0
M3,60.99698231125559,0.5887610500876167,8460,20.26658831752803,21,0.19708908069678038,0
M4,71.2636843485093,0.44709206959851033,6777,31.687353070386955,4,0.3854766325523027,0
M1,64.90215071547698,0.34668421843578834,7279,17.53489432047285,8,0.258740340096595,0
M2,71.18263068217766,0.5119090661630333,9470,18.959193079606987,20,0.4202666132663035,0
M2,54.42431931571561,0.613421673528132,1936,22.40951773178044,14,0.15411843782717952,0
M4,73.25169835307321,0.4321563698152579,5392,20.17982055285236,12,0.4368519358805206,0
M1,78.57264778422463,0.6503666043432532,10195,16.4501689420392,22,0.5305939516372018,0
M1,50.94368278704728,0.30589049236776944,3483,31.857561546027203,21,0.09625392613049136,0
M2,71.90262745636616,0.5314975053239491,7860,22.594027071480653,18,0.44471412867514354,0
M3,83.57135529575987,0.3389996079687187,8941,23.691961029136543,11,0.5998060343639897,0
M2,54.647817935177514,0.5315317114526631,5922,29.732795254911483,8,0.19961322145316296,0
M1,84.05421054336367,0.5816987930591926,4996,28.740221032399873,2,0.6925992610913355,1
M4,78.46144229600691,0.4640027706588638,8751,23.264088440339975,15,0.45190569255854673,0
M2,61.929639963458165,0.32270636839298766,5028,26.433536545775922,9,0.2667076866056919,0
M1,70.90134792539534,0.5078467855368536,8007,26.36908275321489,19,0.37262196163376643,0
M2,78.97984991007114,0.6045702122720767,979,34.57245904975061,20,0.47774820599083173,0
M3,66.13114175656716,0.5644293252129217,8313,24.000183537510537,8,0.39486445882863935,0
M2,77.64005228477511,0.6944983464840446,3450,19.98060125972685,19,0.4759626966914805,0
M2,62.091151281724876,0.37597284279435417,2681,15.44370913467148,5,0.23664498785823135,0
M1,74.97440280222685,0.6028284226435233,3330,30.976884989934888,11,0.4107000090260913,0
M1,53.49980870762094,0.6162873501177805,9752,20.27142527439269,15,0.17394448794213546,0
M1,71.79024870042221,0.17267159054118764,8229,28.88501345790987,8,0.3603364342114909,0
M2,59.482094722146726,0.47747300334087395,2918,27.529172849919895,19,0.24182103227420806,0
M3,64.75425620265564,0.4787008641968704,8115,22.919651770236293,23,0.26517364512694575,0
M4,82.2888896805955,0.5176609785038353,2227,22.35344917177799,8,0.6028830653409337,0
M4,82.45463881881297,0.47001877892208743,6288,35.80540950128842,19,0.5765241541809873,0
M1,76.18911957568207,0.462295521030545,3169,14.890049834091066,18,0.4849019858872713,0
M1,55.398069184900756,0.4575922034101141,4764,21.73331307726772,10,0.2135242950406858,0
M2,60.594827457164385,0.5016819632619222,8649,31.318397559872484,7,0.3304910773709217,0
M4,82.55080806775882,0.42771633799670156,3533,22.117189450843842,9,0.5967125629988865,0
M1,70.88969906113635,0.4210452525079199,7261,32.54777656732871,1,0.40334296674057774,0
M3,93.98973730265753,0.5661801493254149,4903,29.96102369509579,19,0.8293976391690261,1
M3,73.42887146225657,0.35957935554092846,2302,25.777248085280338,5,0.4454979772976402,0
M1,75.95664593033595,0.6187583296955467,9199,23.580357794727185,19,0.4149353834518557,0
M1,67.3699096136316,0.5694172341793362,6423,18.200904566101837,1,0.33207554521457966,0
M4,70.44151359265749,0.25834769449442546,5454,27.026166762641267,15,0.400777451349853,0
M4,69.1500277688883,0.4432884175705039,3022,38.12523713567846,16,0.35512099837264155,0
M2,76.2237371731233,0.5618597048318505,6938,23.9945706862231,23,0.5067605470829877,0
M4,79.75288363617382,0.35365505026457306,1291,15.897004175102149,7,0.54764663214585,0
M3,59.70514502044883,0.4209640719997794,5525,27.61126139671894,12,0.2578132164544081,0
M3,56.670500060703006,0.5484497511081747,4407,32.570081254301506,8,0.18315521460232945,0
M1,50.682241476896685,0.5970633298078238,3987,19.21594358913907,5,0.11895994600383056,0
M4,72.83444001838808,0.45439901693348683,2037,21.410886859946046,10,0.4671203690791565,0
M2,62.91780567440655,0.4219898497161491,4591,23.781471499294952,21,0.21204690414088806,0
M3,46.303623330594846,0.6170748034047667,7970,25.953359366597336,5,0.08337008257668102,0
M3,73.89971449219352,0.7262656482341394,3708,25.0886063834071,17,0.4510363080343051,0
M2,93.32437910443039,0.45523862989819686,2857,20.188368114636084,5,0.8682104578541753,1
M2,70.53336982636081,0.4930979437727633,5223,17.87477595869697,22,0.3801835820573856,0
M3,75.8361374755786,0.4964226676050257,2735,22.185743298654515,15,0.5261837725498069,0
M3,72.49900723334675,0.44281706185821285,6433,22.23115320249009,13,0.393379607120938,0
M2,73.08341584080625,0.615593772554932,7825,23.021915996423132,1,0.3662006455886122,0
M3,77.51168635567635,0.4401273791133222,4322,25.05397685157893,11,0.543798376916688,0
M1,69.53119228347613,0.5780473977211867,3522,18.645937420197836,23,0.33694822692559667,0
M1,71.91016445192764,0.5907474162879373,9828,25.925609041325465,1,0.4279052868200953,0
M2,76.2285603041123,0.4272234994869016,5138,21.469444405277766,11,0.4330433333468327,0
M4,67.6960934357615,0.5481329509300555,816,26.880135859254544,18,0.27767270077384715,0
M2,79.45301347194831,0.38080584813323254,7347,32.008776018041765,18,0.5551672562334296,0
M2,65.20987027125662,0.4816760798981146,5138,30.021058056637834,21,0.35208506749919893,0
M4,64.33871717994373,0.45239510077078454,8522,25.79254712763531,16,0.2637541707799841,0
M4,75.81393285159227,0.7256513119574456,7011,32.027445312697,13,0.47824737753422564,0
M4,62.018902517644904,0.6772076231487243,3962,22.247197511211013,7,0.25036621560953903,0
M1,69.60212149000256,0.585284279136861,9706,26.17462750644865,1,0.38737401756879086,0
M3,68.13982439623658,0.4319260897335691,8884,21.38727891364577,16,0.379553262530268,0
M1,83.17965202024973,0.5310707053222343,2978,28.055170468853824,1,0.5754214441985944,0
M3,75.3865623179116,0.6213597399842321,3821,27.53235359009746,17,0.4639848144687562,0
M1,66.8626163441811,0.49029584521889336,7037,25.977674889816186,6,0.3766330193224371,0
M3,79.55141343840866,0.6791220753736471,4059,14.918360691997561,2,0.5281309585443986,0
M1,84.87441268610614,0.5714591035009077,4609,30.77077566815382,17,0.6340757892350163,1
M4,74.9275052148715,0.4647655082781983,3581,21.521411995986814,6,0.4776550489625717,0
M2,73.34315266691846,0.5768131437805168,9664,22.666175921999653,14,0.38447245442322336,0
M1,55.64529135180387,0.5026501545185215,6621,22.533646025239328,18,0.18550685272594647,0
M3,59.01089037293659,0.6297956234809605,4427,23.10302888931571,6,0.2201913786777716,0
M4,68.48504913238972,0.47262803482711363,2850,26.069913490907844,10,0.3304741715608085,0
M1,64.05840387906862,0.4803372355485972,7066,22.465929428692593,18,0.28380913641160843,0
M1,65.36144066142866,0.4722536683381872,1721,32.82011442552366,9,0.3484462194636912,0
M4,70.93409799495792,0.6002674996837715,5428,27.28271412052374,8,0.3916353860008275,0
M1,74.46814795963684,0.5700225836625409,2096,18.829588989827897,10,0.47313237650043244,0
M2,71.00900470924161,0.5457138939408137,3584,28.013237953372915,17,0.3702442549877596,0
M1,75.1674531262523,0.6974961623703401,7181,19.58093567476931,23,0.46819190910737973,0
M2,70.83375945419598,0.5062491318544868,4626,30.22700990328322,6,0.3919025450670774,0
M2,48.14883200902318,0.6021328316547372,4893,18.084177674709014,14,0.10200063676256836,0
M4,60.146595445984445,0.2793138911474171,5197,13.520887083819996,22,0.23423788611557822,0
M1,70.49932663080915,0.5553302056922257,5060,25.199252054960542,22,0.35690692250140466,0
M4,56.34997988250618,0.5726052049343938,7721,31.939116712097825,6,0.2003259197944969,0
M1,75.93418685378663,0.5037869445296864,5873,23.106013211469083,7,0.4864107884402019,0
M1,83.43461622013896,0.4249136376544057,1488,30.404657932834198,12,0.6607429911080345,1
M3,79.81993323486984,0.3863737222557322,1883,23.657177548421394,3,0.5994912969900356,0
M1,67.69585320071921,0.2937008713226315,8080,14.978561884450585,14,0.3440261437912473,0
M4,85.2548636982542,0.45718465848734974,2695,19.417394174721657,22,0.6525558636962115,1
M2,75.4744004504863,0.6647740469766987,5029,24.319526921346775,19,0.4078644703930345,0
M1,65.7182195211272,0.5780542308816466,3027,25.143934496780297,23,0.32764534418200864,0
M3,63.765634829322835,0.5617096027363497,3799,33.620668627592316,16,0.28530175060524815,0
M4,64.47515609917687,0.44822214265731036,9762,18.472480045396015,7,0.33255567497072486,0
M1,67.34271184440155,0.4594820505801421,957,17.913685948253974,8,0.31829742117414145,0
M4,72.50035178246144,0.39662150138404556,6639,28.62598838108179,18,0.4085930140376702,0
M3,74.58252916588151,0.5345764114109482,8323,19.587251544149076,13,0.4096257761173573,0
M3,72.25370450455156,0.5245204506265088,2646,7.99161442252862,21,0.3819735212347473,0
M4,75.07219503514806,0.5354013317134558,10338,33.87288986517474,9,0.4571632668768908,0
M1,80.96631974868602,0.4304425970518996,1558,19.9548611181779,10,0.5928487550216701,0
M2,79.90487823019336,0.25109949649945146,4033,26.364178413088414,21,0.5451641034630702,0
M3,54.92899339123744,0.616467929465981,2523,20.147079149794436,23,0.16357030230913847,0
M1,46.367583717456405,0.4363955152308208,803,20.11887291062355,9,0.03445097780098436,0
M1,80.99566209231767,0.33394406128457654,3794,18.990872865816982,15,0.5440783041170842,0
M2,55.73838212853628,0.5710669823042962,3684,22.304254222850748,20,0.17860808514565202,0
M3,64.82835842141941,0.4549605361190082,3638,25.361549593485524,2,0.3437363156054992,0
M3,60.96564433984726,0.5270122657769034,3071,23.45271376152054,13,0.205994667648163,0
M1,53.14394353784621,0.5321355226228429,7646,24.82509783692894,2,0.12321926868044068,0
M1,74.77564714090254,0.5982105603706157,3738,14.218778421553495,19,0.4751489238387572,0
M2,78.67729829923381,0.3065819319469113,4141,28.163818244432154,2,0.5109818751571756,0
M2,64.38461860523286,0.5590854450522155,2875,33.82294640081655,3,0.2923177711750723,0
M3,46.72681293098985,0.5098808720237987,1145,31.049338282613622,6,0.03239254996230068,0
M4,60.67799505386512,0.4942188995659779,4684,26.76018472330775,3,0.2937392765787885,0
M3,73.1236581209986,0.6048552262703599,8431,27.821450086426328,10,0.44824477816960345,0
M1,58.40899334321609,0.3553232444528522,1618,38.98418725188008,6,0.15951520043769724,0
M3,72.95999600472618,0.5951066681558725,8864,29.65333729862492,23,0.4129848937885275,0
M4,73.39211484489847,0.414397730606876,9260,27.334312697917056,16,0.3771655714840989,0
M2,73.34930080968395,0.33047717243351005,6094,14.699454833183724,17,0.4784512391553058,0
M4,73.34019711601852,0.38034963520805654,2504,21.82905646482514,19,0.3981213377172613,0
M4,62.29375943809211,0.6069884350525865,8285,26.513646267621233,3,0.23412809566484538,0
M4,78.60225794598723,0.45592535252212174,7945,22.375530269129964,18,0.594747783313206,0
M2,67.82369969066413,0.6060712796741019,6552,19.842734694120338,7,0.3586864493720029,0
M4,69.51389639451251,0.46974214373676054,4625,19.98846986101724,9,0.3755626819194888,0
M4,57.42820835173323,0.32323879440241055,3381,21.252593812053842,20,0.23419147962428297,0
M4,65.01797283504402,0.3999104433643383,6996,24.599616048198694,12,0.3083114951908873,0
M1,62.898339141288204,0.6193275032594373,7454,27.97742752533774,5,0.24706037422617746,0
M4,67.4886932817163,0.4705500264392491,7203,35.92130136210324,3,0.35301872020815545,0
M2,87.60135111277148,0.4694058093318603,6066,29.457107241909515,11,0.6977459185910003,1
M4,56.77972913614174,0.49569726614070053,10025,25.440805880263373,4,0.17734492642975397,0
M4,53.84009919895506,0.470743867097875,8399,14.922847565988679,5,0.14632820706809527,0
M2,83.30133922688523,0.5180413778061238,6983,27.888847331208964,1,0.6524092693812555,1
M4,69.22439117824914,0.6540707514606415,3201,27.212611179136683,18,0.3499501714438901,0
M2,60.135205090348855,0.4416622446846486,1130,28.56195950137513,12,0.274783849861016,0
M4,80.41622315097713,0.28094027252019366,9175,23.888667272786773,13,0.5637812227049658,0
M2,66.71481728366754,0.46398023224036145,2444,35.49298161766388,9,0.2845954377877134,0
M4,87.36535063578694,0.5213343229096207,7044,25.14760299249065,2,0.7230120809245111,1
M4,75.32461627038813,0.37864342771780224,4560,26.993897447760965,5,0.4969328559490364,0
M1,66.57191819609372,0.41662537441953834,9032,14.778434139525512,13,0.30175490103486063,0
M1,91.89994565382929,0.6001334886603787,9309,22.35305032397863,16,0.79351797542505,1
M4,65.43374533408048,0.5593643007772118,8021,32.47544069514771,16,0.2856059346351928,0
M4,77.49795069148361,0.510467931696588,2584,30.328126850027463,3,0.5102203731338577,0
M3,68.21634090256256,0.4199149448868504,1222,19.16996286211789,22,0.42932651538587463,0
